0 verbose cli /opt/homebrew/Cellar/node@20/20.19.4/bin/node /opt/homebrew/opt/node@20/bin/npm
1 info using npm@10.8.2
2 info using node@v20.19.4
3 silly config load:file:/opt/homebrew/Cellar/node@20/20.19.4/lib/node_modules/npm/npmrc
4 silly config load:file:/Users/fonzi/Downloads/ai-mastering/frontend/.npmrc
5 silly config load:file:/Users/fonzi/.npmrc
6 silly config load:file:/opt/homebrew/etc/npmrc
7 verbose title npm install
8 verbose argv "install" "--cache" "./.npm-cache"
9 verbose logfile logs-max:10 dir:/Users/fonzi/Downloads/ai-mastering/frontend/.npm-cache/_logs/2026-08-05T18_54_15_494Z-
10 verbose logfile /Users/fonzi/Downloads/ai-mastering/frontend/.npm-cache/_logs/2026-08-05T18_54_15_494Z-debug-0.log
11 silly packumentCache heap:2197815296 maxSize:549453824 maxEntrySize:274726912
12 silly logfile done cleaning log files
13 silly idealTree buildDeps
14 silly fetch manifest next@14.2.20
15 silly packumentCache full:https://registry.npmjs.org/next cache-miss
16 http fetch GET 200 https://registry.npmjs.org/npm 592ms
17 http fetch GET 200 https://registry.npmjs.org/next 1060ms (cache miss)
18 silly packumentCache full:https://registry.npmjs.org/next set size:undefined disposed:false
19 silly fetch manifest @opentelemetry/api@^1.1.0
20 silly packumentCache full:https://registry.npmjs.org/@opentelemetry%2fapi cache-miss
21 http fetch GET 200 https://registry.npmjs.org/@opentelemetry%2fapi 258ms (cache miss)
22 silly packumentCache full:https://registry.npmjs.org/@opentelemetry%2fapi set size:undefined disposed:false
23 silly fetch manifest @playwright/test@^1.41.2
24 silly packumentCache full:https://registry.npmjs.org/@playwright%2ftest cache-miss
25 http fetch GET 200 https://registry.npmjs.org/@playwright%2ftest 458ms (cache miss)
26 silly packumentCache full:https://registry.npmjs.org/@playwright%2ftest set size:undefined disposed:false
27 silly fetch manifest react@18.3.1
28 silly packumentCache full:https://registry.npmjs.org/react cache-miss
29 http fetch GET 200 https://registry.npmjs.org/react 412ms (cache miss)
30 silly packumentCache full:https://registry.npmjs.org/react set size:undefined disposed:false
31 silly fetch manifest react-dom@18.3.1
32 silly packumentCache full:https://registry.npmjs.org/react-dom cache-miss
33 http fetch GET 200 https://registry.npmjs.org/react-dom 388ms (cache miss)
34 silly packumentCache full:https://registry.npmjs.org/react-dom set size:undefined disposed:false
35 silly fetch manifest sass@^1.3.0
36 silly packumentCache full:https://registry.npmjs.org/sass cache-miss
37 http fetch GET 200 https://registry.npmjs.org/sass 147ms (cache miss)
38 silly packumentCache full:https://registry.npmjs.org/sass set size:undefined disposed:false
39 silly fetch manifest ogl@1.0.11
40 silly packumentCache full:https://registry.npmjs.org/ogl cache-miss
41 http fetch GET 200 https://registry.npmjs.org/ogl 117ms (cache miss)
42 silly packumentCache full:https://registry.npmjs.org/ogl set size:undefined disposed:false
43 silly fetch manifest zustand@5.0.7
44 silly packumentCache full:https://registry.npmjs.org/zustand cache-miss
45 http fetch GET 200 https://registry.npmjs.org/zustand 126ms (cache miss)
46 silly packumentCache full:https://registry.npmjs.org/zustand set size:undefined disposed:false
47 silly fetch manifest @types/react@>=18.0.0
48 silly packumentCache full:https://registry.npmjs.org/@types%2freact cache-miss
49 http fetch GET 200 https://registry.npmjs.org/@types%2freact 200ms (cache miss)
50 silly packumentCache full:https://registry.npmjs.org/@types%2freact set size:undefined disposed:false
51 silly fetch manifest immer@>=9.0.6
52 silly packumentCache full:https://registry.npmjs.org/immer cache-miss
53 http fetch GET 200 https://registry.npmjs.org/immer 112ms (cache miss)
54 silly packumentCache full:https://registry.npmjs.org/immer set size:undefined disposed:false
55 silly fetch manifest use-sync-external-store@>=1.2.0
56 silly packumentCache full:https://registry.npmjs.org/use-sync-external-store cache-miss
57 http fetch GET 200 https://registry.npmjs.org/use-sync-external-store 384ms (cache miss)
58 silly packumentCache full:https://registry.npmjs.org/use-sync-external-store set size:undefined disposed:false
59 silly fetch manifest autoprefixer@10.4.20
60 silly packumentCache full:https://registry.npmjs.org/autoprefixer cache-miss
61 http fetch GET 200 https://registry.npmjs.org/autoprefixer 123ms (cache miss)
62 silly packumentCache full:https://registry.npmjs.org/autoprefixer set size:undefined disposed:false
63 silly fetch manifest postcss@8.4.49
64 silly packumentCache full:https://registry.npmjs.org/postcss cache-miss
65 http fetch GET 200 https://registry.npmjs.org/postcss 116ms (cache miss)
66 silly packumentCache full:https://registry.npmjs.org/postcss set size:undefined disposed:false
67 silly fetch manifest tailwindcss@3.4.16
68 silly packumentCache full:https://registry.npmjs.org/tailwindcss cache-miss
69 http fetch GET 200 https://registry.npmjs.org/tailwindcss 589ms (cache miss)
70 silly packumentCache full:https://registry.npmjs.org/tailwindcss set size:undefined disposed:false
71 silly placeDep ROOT autoprefixer@10.4.20 OK for: ai-mastering-frontend@1.0.0 want: 10.4.20
72 silly placeDep ROOT postcss@8.4.49 OK for: autoprefixer@10.4.20 want: ^8.1.0
73 silly placeDep ROOT next@14.2.20 OK for: ai-mastering-frontend@1.0.0 want: 14.2.20
74 silly placeDep ROOT react@18.3.1 OK for: next@14.2.20 want: ^18.2.0
75 silly placeDep ROOT react-dom@18.3.1 OK for: next@14.2.20 want: ^18.2.0
76 silly placeDep ROOT ogl@1.0.11 OK for: ai-mastering-frontend@1.0.0 want: 1.0.11
77 silly placeDep ROOT tailwindcss@3.4.16 OK for: ai-mastering-frontend@1.0.0 want: 3.4.16
78 silly placeDep ROOT zustand@5.0.7 OK for: ai-mastering-frontend@1.0.0 want: 5.0.7
79 silly fetch manifest picocolors@^1.0.1
80 silly packumentCache full:https://registry.npmjs.org/picocolors cache-miss
81 silly fetch manifest fraction.js@^4.3.7
82 silly packumentCache full:https://registry.npmjs.org/fraction.js cache-miss
83 silly fetch manifest browserslist@^4.23.3
84 silly packumentCache full:https://registry.npmjs.org/browserslist cache-miss
85 silly fetch manifest caniuse-lite@^1.0.30001646
86 silly packumentCache full:https://registry.npmjs.org/caniuse-lite cache-miss
87 silly fetch manifest normalize-range@^0.1.2
88 silly packumentCache full:https://registry.npmjs.org/normalize-range cache-miss
89 silly fetch manifest postcss-value-parser@^4.2.0
90 silly packumentCache full:https://registry.npmjs.org/postcss-value-parser cache-miss
91 silly fetch manifest nanoid@^3.3.7
92 silly packumentCache full:https://registry.npmjs.org/nanoid cache-miss
93 http fetch GET 200 https://registry.npmjs.org/picocolors 96ms (cache miss)
94 silly packumentCache full:https://registry.npmjs.org/picocolors set size:undefined disposed:false
95 silly fetch manifest picocolors@^1.1.1
96 silly packumentCache full:https://registry.npmjs.org/picocolors cache-miss
97 http fetch GET 200 https://registry.npmjs.org/picocolors 3ms (cache hit)
98 silly packumentCache full:https://registry.npmjs.org/picocolors set size:16648 disposed:false
99 silly fetch manifest source-map-js@^1.2.1
100 silly packumentCache full:https://registry.npmjs.org/source-map-js cache-miss
101 http fetch GET 200 https://registry.npmjs.org/fraction.js 109ms (cache miss)
102 silly packumentCache full:https://registry.npmjs.org/fraction.js set size:undefined disposed:false
103 silly fetch manifest busboy@1.6.0
104 silly packumentCache full:https://registry.npmjs.org/busboy cache-miss
105 http fetch GET 200 https://registry.npmjs.org/source-map-js 96ms (cache miss)
106 silly packumentCache full:https://registry.npmjs.org/source-map-js set size:undefined disposed:false
107 silly fetch manifest postcss@8.4.31
108 silly packumentCache full:https://registry.npmjs.org/postcss cache-miss
109 http fetch GET 200 https://registry.npmjs.org/busboy 88ms (cache miss)
110 silly packumentCache full:https://registry.npmjs.org/busboy set size:undefined disposed:false
111 silly fetch manifest @next/env@14.2.20
112 silly packumentCache full:https://registry.npmjs.org/@next%2fenv cache-miss
113 http fetch GET 200 https://registry.npmjs.org/postcss 4ms (cache hit)
114 silly packumentCache full:https://registry.npmjs.org/postcss set size:756623 disposed:false
115 silly fetch manifest styled-jsx@5.1.1
116 silly packumentCache full:https://registry.npmjs.org/styled-jsx cache-miss
117 http fetch GET 200 https://registry.npmjs.org/styled-jsx 129ms (cache miss)
118 silly packumentCache full:https://registry.npmjs.org/styled-jsx set size:undefined disposed:false
119 silly fetch manifest graceful-fs@^4.2.11
120 silly packumentCache full:https://registry.npmjs.org/graceful-fs cache-miss
121 http fetch GET 200 https://registry.npmjs.org/postcss-value-parser 343ms (cache miss)
122 silly packumentCache full:https://registry.npmjs.org/postcss-value-parser set size:undefined disposed:false
123 silly fetch manifest @swc/helpers@0.5.5
124 silly packumentCache full:https://registry.npmjs.org/@swc%2fhelpers cache-miss
125 http fetch GET 200 https://registry.npmjs.org/browserslist 398ms (cache miss)
126 silly packumentCache full:https://registry.npmjs.org/browserslist set size:undefined disposed:false
127 silly fetch manifest caniuse-lite@^1.0.30001579
128 silly packumentCache full:https://registry.npmjs.org/caniuse-lite cache-miss
129 http fetch GET 200 https://registry.npmjs.org/nanoid 423ms (cache miss)
130 silly packumentCache full:https://registry.npmjs.org/nanoid set size:undefined disposed:false
131 silly fetch manifest @next/swc-darwin-x64@14.2.20
132 silly packumentCache full:https://registry.npmjs.org/@next%2fswc-darwin-x64 cache-miss
133 http fetch GET 200 https://registry.npmjs.org/graceful-fs 90ms (cache miss)
134 silly packumentCache full:https://registry.npmjs.org/graceful-fs set size:undefined disposed:false
135 silly fetch manifest @next/swc-darwin-arm64@14.2.20
136 silly packumentCache full:https://registry.npmjs.org/@next%2fswc-darwin-arm64 cache-miss
137 http fetch GET 200 https://registry.npmjs.org/normalize-range 470ms (cache miss)
138 silly packumentCache full:https://registry.npmjs.org/normalize-range set size:undefined disposed:false
139 silly fetch manifest @next/swc-linux-x64-gnu@14.2.20
140 silly packumentCache full:https://registry.npmjs.org/@next%2fswc-linux-x64-gnu cache-miss
141 http fetch GET 200 https://registry.npmjs.org/@swc%2fhelpers 604ms (cache miss)
142 silly packumentCache full:https://registry.npmjs.org/@swc%2fhelpers set size:undefined disposed:false
143 silly fetch manifest @next/swc-linux-x64-musl@14.2.20
144 silly packumentCache full:https://registry.npmjs.org/@next%2fswc-linux-x64-musl cache-miss
145 http fetch GET 200 https://registry.npmjs.org/@next%2fenv 944ms (cache miss)
146 silly packumentCache full:https://registry.npmjs.org/@next%2fenv set size:undefined disposed:false
147 silly fetch manifest @next/swc-win32-x64-msvc@14.2.20
148 silly packumentCache full:https://registry.npmjs.org/@next%2fswc-win32-x64-msvc cache-miss
149 http fetch GET 200 https://registry.npmjs.org/@next%2fswc-darwin-x64 851ms (cache miss)
150 silly packumentCache full:https://registry.npmjs.org/@next%2fswc-darwin-x64 set size:undefined disposed:false
151 silly fetch manifest @next/swc-linux-arm64-gnu@14.2.20
152 silly packumentCache full:https://registry.npmjs.org/@next%2fswc-linux-arm64-gnu cache-miss
153 http fetch GET 200 https://registry.npmjs.org/caniuse-lite 1302ms (cache miss)
154 silly packumentCache full:https://registry.npmjs.org/caniuse-lite set size:undefined disposed:false
155 silly fetch manifest @next/swc-win32-ia32-msvc@14.2.20
156 silly packumentCache full:https://registry.npmjs.org/@next%2fswc-win32-ia32-msvc cache-miss
157 http fetch GET 200 https://registry.npmjs.org/caniuse-lite 1042ms (cache miss)
158 silly packumentCache full:https://registry.npmjs.org/caniuse-lite set size:undefined disposed:false
159 silly fetch manifest @next/swc-linux-arm64-musl@14.2.20
160 silly packumentCache full:https://registry.npmjs.org/@next%2fswc-linux-arm64-musl cache-miss
161 http fetch GET 200 https://registry.npmjs.org/@next%2fswc-darwin-arm64 1543ms (cache miss)
162 silly packumentCache full:https://registry.npmjs.org/@next%2fswc-darwin-arm64 set size:undefined disposed:false
163 silly fetch manifest @next/swc-win32-arm64-msvc@14.2.20
164 silly packumentCache full:https://registry.npmjs.org/@next%2fswc-win32-arm64-msvc cache-miss
165 http fetch GET 200 https://registry.npmjs.org/@next%2fswc-linux-arm64-gnu 1330ms (cache miss)
166 silly packumentCache full:https://registry.npmjs.org/@next%2fswc-linux-arm64-gnu set size:undefined disposed:false
167 silly fetch manifest scheduler@^0.23.2
168 silly packumentCache full:https://registry.npmjs.org/scheduler cache-miss
169 http fetch GET 200 https://registry.npmjs.org/@next%2fswc-win32-x64-msvc 1529ms (cache miss)
170 silly packumentCache full:https://registry.npmjs.org/@next%2fswc-win32-x64-msvc set size:undefined disposed:false
171 silly fetch manifest loose-envify@^1.1.0
172 silly packumentCache full:https://registry.npmjs.org/loose-envify cache-miss
173 http fetch GET 200 https://registry.npmjs.org/@next%2fswc-linux-x64-musl 1937ms (cache miss)
174 silly packumentCache full:https://registry.npmjs.org/@next%2fswc-linux-x64-musl set size:undefined disposed:false
175 silly fetch manifest loose-envify@^1.1.0
176 silly packumentCache full:https://registry.npmjs.org/loose-envify cache-miss
177 http fetch GET 200 https://registry.npmjs.org/loose-envify 202ms (cache miss)
178 silly packumentCache full:https://registry.npmjs.org/loose-envify set size:undefined disposed:false
179 silly fetch manifest arg@^5.0.2
180 silly packumentCache full:https://registry.npmjs.org/arg cache-miss
181 http fetch GET 200 https://registry.npmjs.org/loose-envify 10ms (cache hit)
182 silly packumentCache full:https://registry.npmjs.org/loose-envify set size:12559 disposed:false
183 silly fetch manifest dlv@^1.1.3
184 silly packumentCache full:https://registry.npmjs.org/dlv cache-miss
185 http fetch GET 200 https://registry.npmjs.org/@next%2fswc-win32-arm64-msvc 1223ms (cache miss)
186 silly packumentCache full:https://registry.npmjs.org/@next%2fswc-win32-arm64-msvc set size:undefined disposed:false
187 silly fetch manifest jiti@^1.21.6
188 silly packumentCache full:https://registry.npmjs.org/jiti cache-miss
189 http fetch GET 200 https://registry.npmjs.org/dlv 352ms (cache miss)
190 silly packumentCache full:https://registry.npmjs.org/dlv set size:undefined disposed:false
191 silly fetch manifest is-glob@^4.0.3
192 silly packumentCache full:https://registry.npmjs.org/is-glob cache-miss
193 http fetch GET 200 https://registry.npmjs.org/arg 370ms (cache miss)
194 silly packumentCache full:https://registry.npmjs.org/arg set size:undefined disposed:false
195 silly fetch manifest resolve@^1.22.8
196 silly packumentCache full:https://registry.npmjs.org/resolve cache-miss
197 http fetch GET 200 https://registry.npmjs.org/@next%2fswc-linux-x64-gnu 2810ms (cache miss)
198 silly packumentCache full:https://registry.npmjs.org/@next%2fswc-linux-x64-gnu set size:undefined disposed:false
199 silly fetch manifest sucrase@^3.35.0
200 silly packumentCache full:https://registry.npmjs.org/sucrase cache-miss
201 http fetch GET 200 https://registry.npmjs.org/@next%2fswc-win32-ia32-msvc 1990ms (cache miss)
202 silly packumentCache full:https://registry.npmjs.org/@next%2fswc-win32-ia32-msvc set size:undefined disposed:false
203 silly fetch manifest chokidar@^3.6.0
204 silly packumentCache full:https://registry.npmjs.org/chokidar cache-miss
205 http fetch GET 200 https://registry.npmjs.org/scheduler 738ms (cache miss)
206 silly packumentCache full:https://registry.npmjs.org/scheduler set size:undefined disposed:false
207 silly fetch manifest fast-glob@^3.3.2
208 silly packumentCache full:https://registry.npmjs.org/fast-glob cache-miss
209 http fetch GET 200 https://registry.npmjs.org/is-glob 149ms (cache miss)
210 silly packumentCache full:https://registry.npmjs.org/is-glob set size:undefined disposed:false
211 silly fetch manifest lilconfig@^3.1.3
212 silly packumentCache full:https://registry.npmjs.org/lilconfig cache-miss
213 http fetch GET 200 https://registry.npmjs.org/jiti 197ms (cache miss)
214 silly packumentCache full:https://registry.npmjs.org/jiti set size:undefined disposed:false
215 silly fetch manifest didyoumean@^1.2.2
216 silly packumentCache full:https://registry.npmjs.org/didyoumean cache-miss
217 http fetch GET 200 https://registry.npmjs.org/@next%2fswc-linux-arm64-musl 1979ms (cache miss)
218 silly packumentCache full:https://registry.npmjs.org/@next%2fswc-linux-arm64-musl set size:undefined disposed:false
219 silly fetch manifest micromatch@^4.0.8
220 silly packumentCache full:https://registry.npmjs.org/micromatch cache-miss
221 http fetch GET 200 https://registry.npmjs.org/resolve 203ms (cache miss)
222 silly packumentCache full:https://registry.npmjs.org/resolve set size:undefined disposed:false
223 silly fetch manifest postcss-js@^4.0.1
224 silly packumentCache full:https://registry.npmjs.org/postcss-js cache-miss
225 http fetch GET 200 https://registry.npmjs.org/chokidar 186ms (cache miss)
226 silly packumentCache full:https://registry.npmjs.org/chokidar set size:undefined disposed:false
227 silly fetch manifest glob-parent@^6.0.2
228 silly packumentCache full:https://registry.npmjs.org/glob-parent cache-miss
229 http fetch GET 200 https://registry.npmjs.org/sucrase 201ms (cache miss)
230 silly packumentCache full:https://registry.npmjs.org/sucrase set size:undefined disposed:false
231 silly fetch manifest object-hash@^3.0.0
232 silly packumentCache full:https://registry.npmjs.org/object-hash cache-miss
233 http fetch GET 200 https://registry.npmjs.org/fast-glob 102ms (cache miss)
234 silly packumentCache full:https://registry.npmjs.org/fast-glob set size:undefined disposed:false
235 silly fetch manifest normalize-path@^3.0.0
236 silly packumentCache full:https://registry.npmjs.org/normalize-path cache-miss
237 http fetch GET 200 https://registry.npmjs.org/didyoumean 85ms (cache miss)
238 silly packumentCache full:https://registry.npmjs.org/didyoumean set size:undefined disposed:false
239 silly fetch manifest postcss-import@^15.1.0
240 silly packumentCache full:https://registry.npmjs.org/postcss-import cache-miss
241 http fetch GET 200 https://registry.npmjs.org/lilconfig 92ms (cache miss)
242 silly packumentCache full:https://registry.npmjs.org/lilconfig set size:undefined disposed:false
243 silly fetch manifest postcss-nested@^6.2.0
244 silly packumentCache full:https://registry.npmjs.org/postcss-nested cache-miss
245 http fetch GET 200 https://registry.npmjs.org/postcss-js 83ms (cache miss)
246 silly packumentCache full:https://registry.npmjs.org/postcss-js set size:undefined disposed:false
247 silly fetch manifest @alloc/quick-lru@^5.2.0
248 silly packumentCache full:https://registry.npmjs.org/@alloc%2fquick-lru cache-miss
249 http fetch GET 200 https://registry.npmjs.org/glob-parent 91ms (cache miss)
250 silly packumentCache full:https://registry.npmjs.org/glob-parent set size:undefined disposed:false
251 silly fetch manifest postcss-load-config@^4.0.2
252 silly packumentCache full:https://registry.npmjs.org/postcss-load-config cache-miss
253 http fetch GET 200 https://registry.npmjs.org/micromatch 107ms (cache miss)
254 silly packumentCache full:https://registry.npmjs.org/micromatch set size:undefined disposed:false
255 silly fetch manifest postcss-selector-parser@^6.1.2
256 silly packumentCache full:https://registry.npmjs.org/postcss-selector-parser cache-miss
257 http fetch GET 200 https://registry.npmjs.org/normalize-path 92ms (cache miss)
258 silly packumentCache full:https://registry.npmjs.org/normalize-path set size:undefined disposed:false
259 http fetch GET 200 https://registry.npmjs.org/postcss-import 91ms (cache miss)
260 silly packumentCache full:https://registry.npmjs.org/postcss-import set size:undefined disposed:false
261 http fetch GET 200 https://registry.npmjs.org/postcss-nested 100ms (cache miss)
262 silly packumentCache full:https://registry.npmjs.org/postcss-nested set size:undefined disposed:false
263 http fetch GET 200 https://registry.npmjs.org/object-hash 120ms (cache miss)
264 silly packumentCache full:https://registry.npmjs.org/object-hash set size:undefined disposed:false
265 http fetch GET 200 https://registry.npmjs.org/@alloc%2fquick-lru 77ms (cache miss)
266 silly packumentCache full:https://registry.npmjs.org/@alloc%2fquick-lru set size:undefined disposed:false
267 http fetch GET 200 https://registry.npmjs.org/postcss-selector-parser 93ms (cache miss)
268 silly packumentCache full:https://registry.npmjs.org/postcss-selector-parser set size:undefined disposed:false
269 http fetch GET 200 https://registry.npmjs.org/postcss-load-config 99ms (cache miss)
270 silly packumentCache full:https://registry.npmjs.org/postcss-load-config set size:undefined disposed:false
271 silly placeDep ROOT browserslist@4.28.7 OK for: autoprefixer@10.4.20 want: ^4.23.3
272 silly placeDep ROOT caniuse-lite@1.0.30001806 OK for: autoprefixer@10.4.20 want: ^1.0.30001646
273 silly placeDep ROOT fraction.js@4.3.7 OK for: autoprefixer@10.4.20 want: ^4.3.7
274 silly placeDep ROOT normalize-range@0.1.2 OK for: autoprefixer@10.4.20 want: ^0.1.2
275 silly placeDep ROOT picocolors@1.1.1 OK for: autoprefixer@10.4.20 want: ^1.0.1
276 silly placeDep ROOT postcss-value-parser@4.2.0 OK for: autoprefixer@10.4.20 want: ^4.2.0
277 silly fetch manifest caniuse-lite@^1.0.30001806
278 silly packumentCache full:https://registry.npmjs.org/caniuse-lite cache-miss
279 silly fetch manifest node-releases@^2.0.51
280 silly packumentCache full:https://registry.npmjs.org/node-releases cache-miss
281 silly fetch manifest electron-to-chromium@^1.5.393
282 silly packumentCache full:https://registry.npmjs.org/electron-to-chromium cache-miss
283 silly fetch manifest update-browserslist-db@^1.2.3
284 silly packumentCache full:https://registry.npmjs.org/update-browserslist-db cache-miss
285 silly fetch manifest baseline-browser-mapping@^2.10.44
286 silly packumentCache full:https://registry.npmjs.org/baseline-browser-mapping cache-miss
287 http fetch GET 200 https://registry.npmjs.org/caniuse-lite 6ms (cache hit)
288 silly packumentCache full:https://registry.npmjs.org/caniuse-lite set size:2306880 disposed:false
289 http fetch GET 200 https://registry.npmjs.org/node-releases 101ms (cache miss)
290 silly packumentCache full:https://registry.npmjs.org/node-releases set size:undefined disposed:false
291 http fetch GET 200 https://registry.npmjs.org/update-browserslist-db 107ms (cache miss)
292 silly packumentCache full:https://registry.npmjs.org/update-browserslist-db set size:undefined disposed:false
293 http fetch GET 200 https://registry.npmjs.org/baseline-browser-mapping 219ms (cache miss)
294 silly packumentCache full:https://registry.npmjs.org/baseline-browser-mapping set size:undefined disposed:false
295 http fetch GET 200 https://registry.npmjs.org/electron-to-chromium 294ms (cache miss)
296 silly packumentCache full:https://registry.npmjs.org/electron-to-chromium set size:undefined disposed:false
297 silly fetch manifest browserslist@>= 4.21.0
298 silly packumentCache full:https://registry.npmjs.org/browserslist cache-miss
299 http fetch GET 200 https://registry.npmjs.org/browserslist 2ms (cache hit)
300 silly packumentCache full:https://registry.npmjs.org/browserslist set size:516369 disposed:false
301 silly placeDep ROOT baseline-browser-mapping@2.11.12 OK for: browserslist@4.28.7 want: ^2.10.44
302 silly placeDep ROOT electron-to-chromium@1.5.401 OK for: browserslist@4.28.7 want: ^1.5.393
303 silly placeDep ROOT node-releases@2.0.52 OK for: browserslist@4.28.7 want: ^2.0.51
304 silly placeDep ROOT update-browserslist-db@1.2.3 OK for: browserslist@4.28.7 want: ^1.2.3
305 silly fetch manifest escalade@^3.2.0
306 silly packumentCache full:https://registry.npmjs.org/escalade cache-miss
307 http fetch GET 200 https://registry.npmjs.org/escalade 81ms (cache miss)
308 silly packumentCache full:https://registry.npmjs.org/escalade set size:undefined disposed:false
309 silly fetch manifest react@^18.2.0
310 silly packumentCache full:https://registry.npmjs.org/react cache-miss
311 http fetch GET 200 https://registry.npmjs.org/react 8ms (cache hit)
312 silly packumentCache full:https://registry.npmjs.org/react set size:6868792 disposed:false
313 silly placeDep ROOT @next/env@14.2.20 OK for: next@14.2.20 want: 14.2.20
314 silly placeDep ROOT @next/swc-darwin-arm64@14.2.20 OK for: next@14.2.20 want: 14.2.20
315 silly placeDep ROOT @next/swc-darwin-x64@14.2.20 OK for: next@14.2.20 want: 14.2.20
316 silly placeDep ROOT @next/swc-linux-arm64-gnu@14.2.20 OK for: next@14.2.20 want: 14.2.20
317 silly placeDep ROOT @next/swc-linux-arm64-musl@14.2.20 OK for: next@14.2.20 want: 14.2.20
318 silly placeDep ROOT @next/swc-linux-x64-gnu@14.2.20 OK for: next@14.2.20 want: 14.2.20
319 silly placeDep ROOT @next/swc-linux-x64-musl@14.2.20 OK for: next@14.2.20 want: 14.2.20
320 silly placeDep ROOT @next/swc-win32-arm64-msvc@14.2.20 OK for: next@14.2.20 want: 14.2.20
321 silly placeDep ROOT @next/swc-win32-ia32-msvc@14.2.20 OK for: next@14.2.20 want: 14.2.20
322 silly placeDep ROOT @next/swc-win32-x64-msvc@14.2.20 OK for: next@14.2.20 want: 14.2.20
323 silly placeDep ROOT @swc/helpers@0.5.5 OK for: next@14.2.20 want: 0.5.5
324 silly placeDep ROOT busboy@1.6.0 OK for: next@14.2.20 want: 1.6.0
325 silly placeDep ROOT graceful-fs@4.2.11 OK for: next@14.2.20 want: ^4.2.11
326 silly placeDep node_modules/next postcss@8.4.31 OK for: next@14.2.20 want: 8.4.31
327 silly placeDep ROOT styled-jsx@5.1.1 OK for: next@14.2.20 want: 5.1.1
328 silly fetch manifest tslib@^2.4.0
329 silly packumentCache full:https://registry.npmjs.org/tslib cache-miss
330 silly fetch manifest @swc/counter@^0.1.3
331 silly packumentCache full:https://registry.npmjs.org/@swc%2fcounter cache-miss
332 silly fetch manifest streamsearch@^1.1.0
333 silly packumentCache full:https://registry.npmjs.org/streamsearch cache-miss
334 silly fetch manifest nanoid@^3.3.6
335 silly packumentCache full:https://registry.npmjs.org/nanoid cache-miss
336 silly fetch manifest source-map-js@^1.0.2
337 silly packumentCache full:https://registry.npmjs.org/source-map-js cache-miss
338 silly fetch manifest client-only@0.0.1
339 silly packumentCache full:https://registry.npmjs.org/client-only cache-miss
340 http fetch GET 200 https://registry.npmjs.org/nanoid 6ms (cache hit)
341 silly packumentCache full:https://registry.npmjs.org/nanoid set size:341137 disposed:false
342 http fetch GET 200 https://registry.npmjs.org/source-map-js 9ms (cache hit)
343 silly packumentCache full:https://registry.npmjs.org/source-map-js set size:62640 disposed:false
344 http fetch GET 200 https://registry.npmjs.org/streamsearch 104ms (cache miss)
345 silly packumentCache full:https://registry.npmjs.org/streamsearch set size:undefined disposed:false
346 http fetch GET 200 https://registry.npmjs.org/client-only 103ms (cache miss)
347 silly packumentCache full:https://registry.npmjs.org/client-only set size:undefined disposed:false
348 http fetch GET 200 https://registry.npmjs.org/tslib 108ms (cache miss)
349 silly packumentCache full:https://registry.npmjs.org/tslib set size:undefined disposed:false
350 http fetch GET 200 https://registry.npmjs.org/@swc%2fcounter 269ms (cache miss)
351 silly packumentCache full:https://registry.npmjs.org/@swc%2fcounter set size:undefined disposed:false
352 silly placeDep ROOT @swc/counter@0.1.3 OK for: @swc/helpers@0.5.5 want: ^0.1.3
353 silly placeDep ROOT tslib@2.8.1 OK for: @swc/helpers@0.5.5 want: ^2.4.0
354 silly placeDep ROOT streamsearch@1.1.0 OK for: busboy@1.6.0 want: ^1.1.0
355 silly placeDep ROOT nanoid@3.3.17 OK for: postcss@8.4.49 want: ^3.3.7
356 silly placeDep ROOT source-map-js@1.2.1 OK for: postcss@8.4.49 want: ^1.2.1
357 silly placeDep ROOT loose-envify@1.4.0 OK for: react@18.3.1 want: ^1.1.0
358 silly fetch manifest js-tokens@^3.0.0 || ^4.0.0
359 silly packumentCache full:https://registry.npmjs.org/js-tokens cache-miss
360 http fetch GET 200 https://registry.npmjs.org/js-tokens 69ms (cache miss)
361 silly packumentCache full:https://registry.npmjs.org/js-tokens set size:undefined disposed:false
362 silly placeDep ROOT js-tokens@4.0.0 OK for: loose-envify@1.4.0 want: ^3.0.0 || ^4.0.0
363 silly placeDep ROOT scheduler@0.23.2 OK for: react-dom@18.3.1 want: ^0.23.2
364 silly placeDep ROOT client-only@0.0.1 OK for: styled-jsx@5.1.1 want: 0.0.1
365 silly fetch manifest postcss@^8.4.47
366 silly packumentCache full:https://registry.npmjs.org/postcss cache-hit
367 silly fetch manifest ts-node@>=9.0.0
368 silly packumentCache full:https://registry.npmjs.org/ts-node cache-miss
369 http fetch GET 200 https://registry.npmjs.org/ts-node 107ms (cache miss)
370 silly packumentCache full:https://registry.npmjs.org/ts-node set size:undefined disposed:false
371 silly fetch manifest @swc/core@>=1.2.50
372 silly packumentCache full:https://registry.npmjs.org/@swc%2fcore cache-miss
373 http fetch GET 200 https://registry.npmjs.org/@swc%2fcore 626ms (cache miss)
374 silly packumentCache full:https://registry.npmjs.org/@swc%2fcore set size:undefined disposed:false
375 silly fetch manifest @swc/helpers@>=0.5.17
376 silly packumentCache full:https://registry.npmjs.org/@swc%2fhelpers cache-miss
377 http fetch GET 200 https://registry.npmjs.org/@swc%2fhelpers 3ms (cache hit)
378 silly packumentCache full:https://registry.npmjs.org/@swc%2fhelpers set size:775458 disposed:false
379 silly fetch manifest @swc/wasm@>=1.2.50
380 silly packumentCache full:https://registry.npmjs.org/@swc%2fwasm cache-miss
381 http fetch GET 200 https://registry.npmjs.org/@swc%2fwasm 197ms (cache miss)
382 silly packumentCache full:https://registry.npmjs.org/@swc%2fwasm set size:undefined disposed:false
383 silly fetch manifest @types/node@*
384 silly packumentCache full:https://registry.npmjs.org/@types%2fnode cache-miss
385 http fetch GET 200 https://registry.npmjs.org/@types%2fnode 1219ms (cache miss)
386 silly packumentCache full:https://registry.npmjs.org/@types%2fnode set size:undefined disposed:false
387 silly fetch manifest typescript@>=2.7
388 silly packumentCache full:https://registry.npmjs.org/typescript cache-miss
389 http fetch GET 200 https://registry.npmjs.org/typescript 1095ms (cache miss)
390 silly packumentCache full:https://registry.npmjs.org/typescript set size:undefined disposed:false
391 silly placeDep ROOT @alloc/quick-lru@5.2.0 OK for: tailwindcss@3.4.16 want: ^5.2.0
392 silly placeDep ROOT arg@5.0.2 OK for: tailwindcss@3.4.16 want: ^5.0.2
393 silly placeDep ROOT chokidar@3.6.0 OK for: tailwindcss@3.4.16 want: ^3.6.0
394 silly placeDep ROOT didyoumean@1.2.2 OK for: tailwindcss@3.4.16 want: ^1.2.2
395 silly placeDep ROOT dlv@1.1.3 OK for: tailwindcss@3.4.16 want: ^1.1.3
396 silly placeDep ROOT fast-glob@3.3.3 OK for: tailwindcss@3.4.16 want: ^3.3.2
397 silly placeDep ROOT glob-parent@6.0.2 OK for: tailwindcss@3.4.16 want: ^6.0.2
398 silly placeDep ROOT is-glob@4.0.3 OK for: tailwindcss@3.4.16 want: ^4.0.3
399 silly placeDep ROOT jiti@1.21.7 OK for: tailwindcss@3.4.16 want: ^1.21.6
400 silly placeDep ROOT lilconfig@3.1.3 OK for: tailwindcss@3.4.16 want: ^3.1.3
401 silly placeDep ROOT micromatch@4.0.8 OK for: tailwindcss@3.4.16 want: ^4.0.8
402 silly placeDep ROOT normalize-path@3.0.0 OK for: tailwindcss@3.4.16 want: ^3.0.0
403 silly placeDep ROOT object-hash@3.0.0 OK for: tailwindcss@3.4.16 want: ^3.0.0
404 silly placeDep ROOT postcss-import@15.1.0 OK for: tailwindcss@3.4.16 want: ^15.1.0
405 silly placeDep ROOT postcss-js@4.1.0 OK for: tailwindcss@3.4.16 want: ^4.0.1
406 silly placeDep node_modules/tailwindcss postcss-load-config@4.0.2 OK for: tailwindcss@3.4.16 want: ^4.0.2
407 silly placeDep ROOT postcss-nested@6.2.0 OK for: tailwindcss@3.4.16 want: ^6.2.0
408 silly placeDep ROOT postcss-selector-parser@6.1.4 OK for: tailwindcss@3.4.16 want: ^6.1.2
409 silly placeDep ROOT resolve@1.22.12 OK for: tailwindcss@3.4.16 want: ^1.22.8
410 silly placeDep ROOT sucrase@3.35.1 OK for: tailwindcss@3.4.16 want: ^3.35.0
411 silly fetch manifest braces@~3.0.2
412 silly packumentCache full:https://registry.npmjs.org/braces cache-miss
413 silly fetch manifest is-glob@~4.0.1
414 silly packumentCache full:https://registry.npmjs.org/is-glob cache-miss
415 silly fetch manifest anymatch@~3.1.2
416 silly packumentCache full:https://registry.npmjs.org/anymatch cache-miss
417 silly fetch manifest readdirp@~3.6.0
418 silly packumentCache full:https://registry.npmjs.org/readdirp cache-miss
419 silly fetch manifest glob-parent@~5.1.2
420 silly packumentCache full:https://registry.npmjs.org/glob-parent cache-miss
421 silly fetch manifest is-binary-path@~2.1.0
422 silly packumentCache full:https://registry.npmjs.org/is-binary-path cache-miss
423 silly fetch manifest normalize-path@~3.0.0
424 silly packumentCache full:https://registry.npmjs.org/normalize-path cache-miss
425 http fetch GET 200 https://registry.npmjs.org/normalize-path 9ms (cache hit)
426 silly packumentCache full:https://registry.npmjs.org/normalize-path set size:28713 disposed:false
427 silly fetch manifest fsevents@~2.3.2
428 silly packumentCache full:https://registry.npmjs.org/fsevents cache-miss
429 http fetch GET 200 https://registry.npmjs.org/is-glob 13ms (cache hit)
430 silly packumentCache full:https://registry.npmjs.org/is-glob set size:40530 disposed:false
431 silly fetch manifest @nodelib/fs.stat@^2.0.2
432 silly packumentCache full:https://registry.npmjs.org/@nodelib%2ffs.stat cache-miss
433 http fetch GET 200 https://registry.npmjs.org/glob-parent 12ms (cache hit)
434 silly packumentCache full:https://registry.npmjs.org/glob-parent set size:42445 disposed:false
435 silly fetch manifest @nodelib/fs.walk@^1.2.3
436 silly packumentCache full:https://registry.npmjs.org/@nodelib%2ffs.walk cache-miss
437 http fetch GET 200 https://registry.npmjs.org/anymatch 93ms (cache miss)
438 silly packumentCache full:https://registry.npmjs.org/anymatch set size:undefined disposed:false
439 silly fetch manifest glob-parent@^5.1.2
440 silly packumentCache full:https://registry.npmjs.org/glob-parent cache-hit
441 silly fetch manifest merge2@^1.3.0
442 silly packumentCache full:https://registry.npmjs.org/merge2 cache-miss
443 http fetch GET 200 https://registry.npmjs.org/is-binary-path 96ms (cache miss)
444 silly packumentCache full:https://registry.npmjs.org/is-binary-path set size:undefined disposed:false
445 silly fetch manifest is-extglob@^2.1.1
446 silly packumentCache full:https://registry.npmjs.org/is-extglob cache-miss
447 http fetch GET 200 https://registry.npmjs.org/fsevents 99ms (cache miss)
448 silly packumentCache full:https://registry.npmjs.org/fsevents set size:undefined disposed:false
449 silly fetch manifest braces@^3.0.3
450 silly packumentCache full:https://registry.npmjs.org/braces cache-miss
451 http fetch GET 200 https://registry.npmjs.org/braces 114ms (cache miss)
452 silly packumentCache full:https://registry.npmjs.org/braces set size:undefined disposed:false
453 silly fetch manifest picomatch@^2.3.1
454 silly packumentCache full:https://registry.npmjs.org/picomatch cache-miss
455 http fetch GET 200 https://registry.npmjs.org/@nodelib%2ffs.stat 106ms (cache miss)
456 silly packumentCache full:https://registry.npmjs.org/@nodelib%2ffs.stat set size:undefined disposed:false
457 silly fetch manifest resolve@^1.1.7
458 silly packumentCache full:https://registry.npmjs.org/resolve cache-miss
459 http fetch GET 200 https://registry.npmjs.org/resolve 2ms (cache hit)
460 silly packumentCache full:https://registry.npmjs.org/resolve set size:244568 disposed:false
461 silly fetch manifest read-cache@^1.0.0
462 silly packumentCache full:https://registry.npmjs.org/read-cache cache-miss
463 http fetch GET 200 https://registry.npmjs.org/@nodelib%2ffs.walk 127ms (cache miss)
464 silly packumentCache full:https://registry.npmjs.org/@nodelib%2ffs.walk set size:undefined disposed:false
465 silly fetch manifest camelcase-css@^2.0.1
466 silly packumentCache full:https://registry.npmjs.org/camelcase-css cache-miss
467 http fetch GET 200 https://registry.npmjs.org/merge2 81ms (cache miss)
468 silly packumentCache full:https://registry.npmjs.org/merge2 set size:undefined disposed:false
469 silly fetch manifest yaml@^2.3.4
470 silly packumentCache full:https://registry.npmjs.org/yaml cache-miss
471 http fetch GET 200 https://registry.npmjs.org/is-extglob 92ms (cache miss)
472 silly packumentCache full:https://registry.npmjs.org/is-extglob set size:undefined disposed:false
473 silly fetch manifest postcss-selector-parser@^6.1.1
474 silly packumentCache full:https://registry.npmjs.org/postcss-selector-parser cache-miss
475 http fetch GET 200 https://registry.npmjs.org/postcss-selector-parser 3ms (cache hit)
476 silly packumentCache full:https://registry.npmjs.org/postcss-selector-parser set size:193966 disposed:false
477 silly fetch manifest cssesc@^3.0.0
478 silly packumentCache full:https://registry.npmjs.org/cssesc cache-miss
479 http fetch GET 200 https://registry.npmjs.org/braces 96ms (cache miss)
480 silly packumentCache full:https://registry.npmjs.org/braces set size:undefined disposed:false
481 silly fetch manifest util-deprecate@^1.0.2
482 silly packumentCache full:https://registry.npmjs.org/util-deprecate cache-miss
483 http fetch GET 200 https://registry.npmjs.org/read-cache 87ms (cache miss)
484 silly packumentCache full:https://registry.npmjs.org/read-cache set size:undefined disposed:false
485 silly fetch manifest es-errors@^1.3.0
486 silly packumentCache full:https://registry.npmjs.org/es-errors cache-miss
487 http fetch GET 200 https://registry.npmjs.org/camelcase-css 75ms (cache miss)
488 silly packumentCache full:https://registry.npmjs.org/camelcase-css set size:undefined disposed:false
489 silly fetch manifest path-parse@^1.0.7
490 silly packumentCache full:https://registry.npmjs.org/path-parse cache-miss
491 http fetch GET 200 https://registry.npmjs.org/picomatch 133ms (cache miss)
492 silly packumentCache full:https://registry.npmjs.org/picomatch set size:undefined disposed:false
493 silly fetch manifest is-core-module@^2.16.1
494 silly packumentCache full:https://registry.npmjs.org/is-core-module cache-miss
495 http fetch GET 200 https://registry.npmjs.org/readdirp 248ms (cache miss)
496 silly packumentCache full:https://registry.npmjs.org/readdirp set size:undefined disposed:false
497 silly fetch manifest supports-preserve-symlinks-flag@^1.0.0
498 silly packumentCache full:https://registry.npmjs.org/supports-preserve-symlinks-flag cache-miss
499 http fetch GET 200 https://registry.npmjs.org/util-deprecate 76ms (cache miss)
500 silly packumentCache full:https://registry.npmjs.org/util-deprecate set size:undefined disposed:false
501 silly fetch manifest @jridgewell/gen-mapping@^0.3.2
502 silly packumentCache full:https://registry.npmjs.org/@jridgewell%2fgen-mapping cache-miss
503 http fetch GET 200 https://registry.npmjs.org/path-parse 74ms (cache miss)
504 silly packumentCache full:https://registry.npmjs.org/path-parse set size:undefined disposed:false
505 silly fetch manifest commander@^4.0.0
506 silly packumentCache full:https://registry.npmjs.org/commander cache-miss
507 http fetch GET 200 https://registry.npmjs.org/es-errors 80ms (cache miss)
508 silly packumentCache full:https://registry.npmjs.org/es-errors set size:undefined disposed:false
509 silly fetch manifest lines-and-columns@^1.1.6
510 silly packumentCache full:https://registry.npmjs.org/lines-and-columns cache-miss
511 http fetch GET 200 https://registry.npmjs.org/is-core-module 83ms (cache miss)
512 silly packumentCache full:https://registry.npmjs.org/is-core-module set size:undefined disposed:false
513 silly fetch manifest mz@^2.7.0
514 silly packumentCache full:https://registry.npmjs.org/mz cache-miss
515 http fetch GET 200 https://registry.npmjs.org/supports-preserve-symlinks-flag 83ms (cache miss)
516 silly packumentCache full:https://registry.npmjs.org/supports-preserve-symlinks-flag set size:undefined disposed:false
517 silly fetch manifest pirates@^4.0.1
518 silly packumentCache full:https://registry.npmjs.org/pirates cache-miss
519 http fetch GET 200 https://registry.npmjs.org/yaml 158ms (cache miss)
520 silly packumentCache full:https://registry.npmjs.org/yaml set size:undefined disposed:false
521 silly fetch manifest tinyglobby@^0.2.11
522 silly packumentCache full:https://registry.npmjs.org/tinyglobby cache-miss
523 http fetch GET 200 https://registry.npmjs.org/lines-and-columns 73ms (cache miss)
524 silly packumentCache full:https://registry.npmjs.org/lines-and-columns set size:undefined disposed:false
525 silly fetch manifest ts-interface-checker@^0.1.9
526 silly packumentCache full:https://registry.npmjs.org/ts-interface-checker cache-miss
527 http fetch GET 200 https://registry.npmjs.org/mz 77ms (cache miss)
528 silly packumentCache full:https://registry.npmjs.org/mz set size:undefined disposed:false
529 http fetch GET 200 https://registry.npmjs.org/cssesc 229ms (cache miss)
530 silly packumentCache full:https://registry.npmjs.org/cssesc set size:undefined disposed:false
531 http fetch GET 200 https://registry.npmjs.org/commander 134ms (cache miss)
532 silly packumentCache full:https://registry.npmjs.org/commander set size:undefined disposed:false
533 http fetch GET 200 https://registry.npmjs.org/tinyglobby 91ms (cache miss)
534 silly packumentCache full:https://registry.npmjs.org/tinyglobby set size:undefined disposed:false
535 http fetch GET 200 https://registry.npmjs.org/@jridgewell%2fgen-mapping 276ms (cache miss)
536 silly packumentCache full:https://registry.npmjs.org/@jridgewell%2fgen-mapping set size:undefined disposed:false
537 http fetch GET 200 https://registry.npmjs.org/pirates 237ms (cache miss)
538 silly packumentCache full:https://registry.npmjs.org/pirates set size:undefined disposed:false
539 http fetch GET 200 https://registry.npmjs.org/ts-interface-checker 248ms (cache miss)
540 silly packumentCache full:https://registry.npmjs.org/ts-interface-checker set size:undefined disposed:false
541 silly placeDep ROOT anymatch@3.1.3 OK for: chokidar@3.6.0 want: ~3.1.2
542 silly placeDep ROOT braces@3.0.3 OK for: chokidar@3.6.0 want: ~3.0.2
543 silly placeDep ROOT fsevents@2.3.3 OK for: chokidar@3.6.0 want: ~2.3.2
544 silly placeDep node_modules/chokidar glob-parent@5.1.2 OK for: chokidar@3.6.0 want: ~5.1.2
545 silly placeDep ROOT is-binary-path@2.1.0 OK for: chokidar@3.6.0 want: ~2.1.0
546 silly placeDep ROOT readdirp@3.6.0 OK for: chokidar@3.6.0 want: ~3.6.0
547 silly fetch manifest picomatch@^2.0.4
548 silly packumentCache full:https://registry.npmjs.org/picomatch cache-miss
549 silly fetch manifest fill-range@^7.1.1
550 silly packumentCache full:https://registry.npmjs.org/fill-range cache-miss
551 silly fetch manifest binary-extensions@^2.0.0
552 silly packumentCache full:https://registry.npmjs.org/binary-extensions cache-miss
553 silly fetch manifest picomatch@^2.2.1
554 silly packumentCache full:https://registry.npmjs.org/picomatch cache-miss
555 http fetch GET 200 https://registry.npmjs.org/picomatch 5ms (cache hit)
556 silly packumentCache full:https://registry.npmjs.org/picomatch set size:128942 disposed:false
557 http fetch GET 200 https://registry.npmjs.org/picomatch 5ms (cache hit)
558 silly packumentCache full:https://registry.npmjs.org/picomatch set size:128942 disposed:false
559 silly packumentCache full:https://registry.npmjs.org/picomatch dispose
560 http fetch GET 200 https://registry.npmjs.org/fill-range 88ms (cache miss)
561 silly packumentCache full:https://registry.npmjs.org/fill-range set size:undefined disposed:false
562 http fetch GET 200 https://registry.npmjs.org/binary-extensions 102ms (cache miss)
563 silly packumentCache full:https://registry.npmjs.org/binary-extensions set size:undefined disposed:false
564 silly placeDep ROOT picomatch@2.3.2 OK for: anymatch@3.1.3 want: ^2.0.4
565 silly placeDep ROOT fill-range@7.1.1 OK for: braces@3.0.3 want: ^7.1.1
566 silly fetch manifest to-regex-range@^5.0.1
567 silly packumentCache full:https://registry.npmjs.org/to-regex-range cache-miss
568 http fetch GET 200 https://registry.npmjs.org/to-regex-range 85ms (cache miss)
569 silly packumentCache full:https://registry.npmjs.org/to-regex-range set size:undefined disposed:false
570 silly placeDep ROOT @nodelib/fs.stat@2.0.5 OK for: fast-glob@3.3.3 want: ^2.0.2
571 silly placeDep ROOT @nodelib/fs.walk@1.2.8 OK for: fast-glob@3.3.3 want: ^1.2.3
572 silly placeDep node_modules/fast-glob glob-parent@5.1.2 OK for: fast-glob@3.3.3 want: ^5.1.2
573 silly placeDep ROOT merge2@1.4.1 OK for: fast-glob@3.3.3 want: ^1.3.0
574 silly fetch manifest fastq@^1.6.0
575 silly packumentCache full:https://registry.npmjs.org/fastq cache-miss
576 silly fetch manifest @nodelib/fs.scandir@2.1.5
577 silly packumentCache full:https://registry.npmjs.org/@nodelib%2ffs.scandir cache-miss
578 http fetch GET 200 https://registry.npmjs.org/@nodelib%2ffs.scandir 90ms (cache miss)
579 silly packumentCache full:https://registry.npmjs.org/@nodelib%2ffs.scandir set size:undefined disposed:false
580 http fetch GET 200 https://registry.npmjs.org/fastq 91ms (cache miss)
581 silly packumentCache full:https://registry.npmjs.org/fastq set size:undefined disposed:false
582 silly placeDep ROOT @nodelib/fs.scandir@2.1.5 OK for: @nodelib/fs.walk@1.2.8 want: 2.1.5
583 silly placeDep ROOT fastq@1.20.1 OK for: @nodelib/fs.walk@1.2.8 want: ^1.6.0
584 silly fetch manifest run-parallel@^1.1.9
585 silly packumentCache full:https://registry.npmjs.org/run-parallel cache-miss
586 silly fetch manifest reusify@^1.0.4
587 silly packumentCache full:https://registry.npmjs.org/reusify cache-miss
588 http fetch GET 200 https://registry.npmjs.org/reusify 86ms (cache miss)
589 silly packumentCache full:https://registry.npmjs.org/reusify set size:undefined disposed:false
590 http fetch GET 200 https://registry.npmjs.org/run-parallel 87ms (cache miss)
591 silly packumentCache full:https://registry.npmjs.org/run-parallel set size:undefined disposed:false
592 silly placeDep ROOT run-parallel@1.2.0 OK for: @nodelib/fs.scandir@2.1.5 want: ^1.1.9
593 silly fetch manifest queue-microtask@^1.2.2
594 silly packumentCache full:https://registry.npmjs.org/queue-microtask cache-miss
595 http fetch GET 200 https://registry.npmjs.org/queue-microtask 76ms (cache miss)
596 silly packumentCache full:https://registry.npmjs.org/queue-microtask set size:undefined disposed:false
597 silly placeDep ROOT reusify@1.1.0 OK for: fastq@1.20.1 want: ^1.0.4
598 silly placeDep ROOT to-regex-range@5.0.1 OK for: fill-range@7.1.1 want: ^5.0.1
599 silly fetch manifest is-number@^7.0.0
600 silly packumentCache full:https://registry.npmjs.org/is-number cache-miss
601 http fetch GET 200 https://registry.npmjs.org/is-number 96ms (cache miss)
602 silly packumentCache full:https://registry.npmjs.org/is-number set size:undefined disposed:false
603 silly placeDep ROOT binary-extensions@2.3.0 OK for: is-binary-path@2.1.0 want: ^2.0.0
604 silly placeDep ROOT is-extglob@2.1.1 OK for: is-glob@4.0.3 want: ^2.1.1
605 silly placeDep ROOT read-cache@1.0.0 OK for: postcss-import@15.1.0 want: ^1.0.0
606 silly fetch manifest pify@^2.3.0
607 silly packumentCache full:https://registry.npmjs.org/pify cache-miss
608 http fetch GET 200 https://registry.npmjs.org/pify 95ms (cache miss)
609 silly packumentCache full:https://registry.npmjs.org/pify set size:undefined disposed:false
610 silly placeDep ROOT camelcase-css@2.0.1 OK for: postcss-js@4.1.0 want: ^2.0.1
611 silly placeDep ROOT cssesc@3.0.0 OK for: postcss-selector-parser@6.1.4 want: ^3.0.0
612 silly placeDep ROOT util-deprecate@1.0.2 OK for: postcss-selector-parser@6.1.4 want: ^1.0.2
613 silly placeDep ROOT pify@2.3.0 OK for: read-cache@1.0.0 want: ^2.3.0
614 silly placeDep ROOT es-errors@1.3.0 OK for: resolve@1.22.12 want: ^1.3.0
615 silly placeDep ROOT is-core-module@2.16.2 OK for: resolve@1.22.12 want: ^2.16.1
616 silly placeDep ROOT path-parse@1.0.7 OK for: resolve@1.22.12 want: ^1.0.7
617 silly placeDep ROOT supports-preserve-symlinks-flag@1.0.0 OK for: resolve@1.22.12 want: ^1.0.0
618 silly fetch manifest hasown@^2.0.3
619 silly packumentCache full:https://registry.npmjs.org/hasown cache-miss
620 http fetch GET 200 https://registry.npmjs.org/hasown 76ms (cache miss)
621 silly packumentCache full:https://registry.npmjs.org/hasown set size:undefined disposed:false
622 silly placeDep ROOT hasown@2.0.4 OK for: is-core-module@2.16.2 want: ^2.0.3
623 silly fetch manifest function-bind@^1.1.2
624 silly packumentCache full:https://registry.npmjs.org/function-bind cache-miss
625 http fetch GET 200 https://registry.npmjs.org/function-bind 65ms (cache miss)
626 silly packumentCache full:https://registry.npmjs.org/function-bind set size:undefined disposed:false
627 silly placeDep ROOT function-bind@1.1.2 OK for: hasown@2.0.4 want: ^1.1.2
628 silly placeDep ROOT queue-microtask@1.2.3 OK for: run-parallel@1.2.0 want: ^1.2.2
629 silly placeDep ROOT @jridgewell/gen-mapping@0.3.13 OK for: sucrase@3.35.1 want: ^0.3.2
630 silly placeDep ROOT commander@4.1.1 OK for: sucrase@3.35.1 want: ^4.0.0
631 silly placeDep ROOT lines-and-columns@1.2.4 OK for: sucrase@3.35.1 want: ^1.1.6
632 silly placeDep ROOT mz@2.7.0 OK for: sucrase@3.35.1 want: ^2.7.0
633 silly placeDep ROOT pirates@4.0.7 OK for: sucrase@3.35.1 want: ^4.0.1
634 silly placeDep ROOT tinyglobby@0.2.17 OK for: sucrase@3.35.1 want: ^0.2.11
635 silly placeDep ROOT ts-interface-checker@0.1.13 OK for: sucrase@3.35.1 want: ^0.1.9
636 silly fetch manifest @jridgewell/trace-mapping@^0.3.24
637 silly packumentCache full:https://registry.npmjs.org/@jridgewell%2ftrace-mapping cache-miss
638 silly fetch manifest @jridgewell/sourcemap-codec@^1.5.0
639 silly packumentCache full:https://registry.npmjs.org/@jridgewell%2fsourcemap-codec cache-miss
640 silly fetch manifest any-promise@^1.0.0
641 silly packumentCache full:https://registry.npmjs.org/any-promise cache-miss
642 silly fetch manifest object-assign@^4.0.1
643 silly packumentCache full:https://registry.npmjs.org/object-assign cache-miss
644 silly fetch manifest thenify-all@^1.0.0
645 silly packumentCache full:https://registry.npmjs.org/thenify-all cache-miss
646 silly fetch manifest fdir@^6.5.0
647 silly packumentCache full:https://registry.npmjs.org/fdir cache-miss
648 silly fetch manifest picomatch@^4.0.4
649 silly packumentCache full:https://registry.npmjs.org/picomatch cache-hit
650 http fetch GET 200 https://registry.npmjs.org/any-promise 91ms (cache miss)
651 silly packumentCache full:https://registry.npmjs.org/any-promise set size:undefined disposed:false
652 http fetch GET 200 https://registry.npmjs.org/fdir 92ms (cache miss)
653 silly packumentCache full:https://registry.npmjs.org/fdir set size:undefined disposed:false
654 http fetch GET 200 https://registry.npmjs.org/object-assign 95ms (cache miss)
655 silly packumentCache full:https://registry.npmjs.org/object-assign set size:undefined disposed:false
656 http fetch GET 200 https://registry.npmjs.org/thenify-all 94ms (cache miss)
657 silly packumentCache full:https://registry.npmjs.org/thenify-all set size:undefined disposed:false
658 http fetch GET 200 https://registry.npmjs.org/@jridgewell%2fsourcemap-codec 101ms (cache miss)
659 silly packumentCache full:https://registry.npmjs.org/@jridgewell%2fsourcemap-codec set size:undefined disposed:false
660 http fetch GET 200 https://registry.npmjs.org/@jridgewell%2ftrace-mapping 102ms (cache miss)
661 silly packumentCache full:https://registry.npmjs.org/@jridgewell%2ftrace-mapping set size:undefined disposed:false
662 silly placeDep ROOT @jridgewell/sourcemap-codec@1.5.5 OK for: @jridgewell/gen-mapping@0.3.13 want: ^1.5.0
663 silly placeDep ROOT @jridgewell/trace-mapping@0.3.31 OK for: @jridgewell/gen-mapping@0.3.13 want: ^0.3.24
664 silly fetch manifest @jridgewell/resolve-uri@^3.1.0
665 silly packumentCache full:https://registry.npmjs.org/@jridgewell%2fresolve-uri cache-miss
666 http fetch GET 200 https://registry.npmjs.org/@jridgewell%2fresolve-uri 96ms (cache miss)
667 silly packumentCache full:https://registry.npmjs.org/@jridgewell%2fresolve-uri set size:undefined disposed:false
668 silly placeDep ROOT @jridgewell/resolve-uri@3.1.2 OK for: @jridgewell/trace-mapping@0.3.31 want: ^3.1.0
669 silly placeDep ROOT any-promise@1.3.0 OK for: mz@2.7.0 want: ^1.0.0
670 silly placeDep ROOT object-assign@4.1.1 OK for: mz@2.7.0 want: ^4.0.1
671 silly placeDep ROOT thenify-all@1.6.0 OK for: mz@2.7.0 want: ^1.0.0
672 silly fetch manifest thenify@>= 3.1.0 < 4
673 silly packumentCache full:https://registry.npmjs.org/thenify cache-miss
674 http fetch GET 200 https://registry.npmjs.org/thenify 65ms (cache miss)
675 silly packumentCache full:https://registry.npmjs.org/thenify set size:undefined disposed:false
676 silly placeDep ROOT thenify@3.3.1 OK for: thenify-all@1.6.0 want: >= 3.1.0 < 4
677 silly placeDep node_modules/tinyglobby fdir@6.5.0 OK for: tinyglobby@0.2.17 want: ^6.5.0
678 silly placeDep node_modules/tinyglobby picomatch@4.0.5 OK for: fdir@6.5.0 want: ^3 || ^4
679 silly placeDep ROOT is-number@7.0.0 OK for: to-regex-range@5.0.1 want: ^7.0.0
680 silly placeDep ROOT escalade@3.2.0 OK for: update-browserslist-db@1.2.3 want: ^3.2.0
681 silly placeDep ROOT yaml@2.9.0 OK for: postcss-load-config@4.0.2 want: ^2.3.4
682 silly reify moves {}
683 silly audit bulk request {
683 silly audit   autoprefixer: [ '10.4.20' ],
683 silly audit   postcss: [ '8.4.49', '8.4.31' ],
683 silly audit   next: [ '14.2.20' ],
683 silly audit   react: [ '18.3.1' ],
683 silly audit   'react-dom': [ '18.3.1' ],
683 silly audit   ogl: [ '1.0.11' ],
683 silly audit   tailwindcss: [ '3.4.16' ],
683 silly audit   zustand: [ '5.0.7' ],
683 silly audit   browserslist: [ '4.28.7' ],
683 silly audit   'caniuse-lite': [ '1.0.30001806' ],
683 silly audit   'fraction.js': [ '4.3.7' ],
683 silly audit   'normalize-range': [ '0.1.2' ],
683 silly audit   picocolors: [ '1.1.1' ],
683 silly audit   'postcss-value-parser': [ '4.2.0' ],
683 silly audit   'baseline-browser-mapping': [ '2.11.12' ],
683 silly audit   'electron-to-chromium': [ '1.5.401' ],
683 silly audit   'node-releases': [ '2.0.52' ],
683 silly audit   'update-browserslist-db': [ '1.2.3' ],
683 silly audit   '@next/env': [ '14.2.20' ],
683 silly audit   '@next/swc-darwin-arm64': [ '14.2.20' ],
683 silly audit   '@next/swc-darwin-x64': [ '14.2.20' ],
683 silly audit   '@next/swc-linux-arm64-gnu': [ '14.2.20' ],
683 silly audit   '@next/swc-linux-arm64-musl': [ '14.2.20' ],
683 silly audit   '@next/swc-linux-x64-gnu': [ '14.2.20' ],
683 silly audit   '@next/swc-linux-x64-musl': [ '14.2.20' ],
683 silly audit   '@next/swc-win32-arm64-msvc': [ '14.2.20' ],
683 silly audit   '@next/swc-win32-ia32-msvc': [ '14.2.20' ],
683 silly audit   '@next/swc-win32-x64-msvc': [ '14.2.20' ],
683 silly audit   '@swc/helpers': [ '0.5.5' ],
683 silly audit   busboy: [ '1.6.0' ],
683 silly audit   'graceful-fs': [ '4.2.11' ],
683 silly audit   'styled-jsx': [ '5.1.1' ],
683 silly audit   '@swc/counter': [ '0.1.3' ],
683 silly audit   tslib: [ '2.8.1' ],
683 silly audit   streamsearch: [ '1.1.0' ],
683 silly audit   nanoid: [ '3.3.17' ],
683 silly audit   'source-map-js': [ '1.2.1' ],
683 silly audit   'loose-envify': [ '1.4.0' ],
683 silly audit   'js-tokens': [ '4.0.0' ],
683 silly audit   scheduler: [ '0.23.2' ],
683 silly audit   'client-only': [ '0.0.1' ],
683 silly audit   '@alloc/quick-lru': [ '5.2.0' ],
683 silly audit   arg: [ '5.0.2' ],
683 silly audit   chokidar: [ '3.6.0' ],
683 silly audit   didyoumean: [ '1.2.2' ],
683 silly audit   dlv: [ '1.1.3' ],
683 silly audit   'fast-glob': [ '3.3.3' ],
683 silly audit   'glob-parent': [ '6.0.2', '5.1.2' ],
683 silly audit   'is-glob': [ '4.0.3' ],
683 silly audit   jiti: [ '1.21.7' ],
683 silly audit   lilconfig: [ '3.1.3' ],
683 silly audit   micromatch: [ '4.0.8' ],
683 silly audit   'normalize-path': [ '3.0.0' ],
683 silly audit   'object-hash': [ '3.0.0' ],
683 silly audit   'postcss-import': [ '15.1.0' ],
683 silly audit   'postcss-js': [ '4.1.0' ],
683 silly audit   'postcss-load-config': [ '4.0.2' ],
683 silly audit   'postcss-nested': [ '6.2.0' ],
683 silly audit   'postcss-selector-parser': [ '6.1.4' ],
683 silly audit   resolve: [ '1.22.12' ],
683 silly audit   sucrase: [ '3.35.1' ],
683 silly audit   anymatch: [ '3.1.3' ],
683 silly audit   braces: [ '3.0.3' ],
683 silly audit   fsevents: [ '2.3.3' ],
683 silly audit   'is-binary-path': [ '2.1.0' ],
683 silly audit   readdirp: [ '3.6.0' ],
683 silly audit   picomatch: [ '2.3.2', '4.0.5' ],
683 silly audit   'fill-range': [ '7.1.1' ],
683 silly audit   '@nodelib/fs.stat': [ '2.0.5' ],
683 silly audit   '@nodelib/fs.walk': [ '1.2.8' ],
683 silly audit   merge2: [ '1.4.1' ],
683 silly audit   '@nodelib/fs.scandir': [ '2.1.5' ],
683 silly audit   fastq: [ '1.20.1' ],
683 silly audit   'run-parallel': [ '1.2.0' ],
683 silly audit   reusify: [ '1.1.0' ],
683 silly audit   'to-regex-range': [ '5.0.1' ],
683 silly audit   'binary-extensions': [ '2.3.0' ],
683 silly audit   'is-extglob': [ '2.1.1' ],
683 silly audit   'read-cache': [ '1.0.0' ],
683 silly audit   'camelcase-css': [ '2.0.1' ],
683 silly audit   cssesc: [ '3.0.0' ],
683 silly audit   'util-deprecate': [ '1.0.2' ],
683 silly audit   pify: [ '2.3.0' ],
683 silly audit   'es-errors': [ '1.3.0' ],
683 silly audit   'is-core-module': [ '2.16.2' ],
683 silly audit   'path-parse': [ '1.0.7' ],
683 silly audit   'supports-preserve-symlinks-flag': [ '1.0.0' ],
683 silly audit   hasown: [ '2.0.4' ],
683 silly audit   'function-bind': [ '1.1.2' ],
683 silly audit   'queue-microtask': [ '1.2.3' ],
683 silly audit   '@jridgewell/gen-mapping': [ '0.3.13' ],
683 silly audit   commander: [ '4.1.1' ],
683 silly audit   'lines-and-columns': [ '1.2.4' ],
683 silly audit   mz: [ '2.7.0' ],
683 silly audit   pirates: [ '4.0.7' ],
683 silly audit   tinyglobby: [ '0.2.17' ],
683 silly audit   'ts-interface-checker': [ '0.1.13' ],
683 silly audit   '@jridgewell/sourcemap-codec': [ '1.5.5' ],
683 silly audit   '@jridgewell/trace-mapping': [ '0.3.31' ],
683 silly audit   '@jridgewell/resolve-uri': [ '3.1.2' ],
683 silly audit   'any-promise': [ '1.3.0' ],
683 silly audit   'object-assign': [ '4.1.1' ],
683 silly audit   'thenify-all': [ '1.6.0' ],
683 silly audit   thenify: [ '3.3.1' ],
683 silly audit   fdir: [ '6.5.0' ],
683 silly audit   'is-number': [ '7.0.0' ],
683 silly audit   escalade: [ '3.2.0' ],
683 silly audit   yaml: [ '2.9.0' ]
683 silly audit }
684 verbose reify failed optional dependency /Users/fonzi/Downloads/ai-mastering/frontend/node_modules/@next/swc-win32-x64-msvc
685 silly reify mark deleted [
685 silly reify   '/Users/fonzi/Downloads/ai-mastering/frontend/node_modules/@next/swc-win32-x64-msvc'
685 silly reify ]
686 verbose reify failed optional dependency /Users/fonzi/Downloads/ai-mastering/frontend/node_modules/@next/swc-win32-ia32-msvc
687 silly reify mark deleted [
687 silly reify   '/Users/fonzi/Downloads/ai-mastering/frontend/node_modules/@next/swc-win32-ia32-msvc'
687 silly reify ]
688 verbose reify failed optional dependency /Users/fonzi/Downloads/ai-mastering/frontend/node_modules/@next/swc-win32-arm64-msvc
689 silly reify mark deleted [
689 silly reify   '/Users/fonzi/Downloads/ai-mastering/frontend/node_modules/@next/swc-win32-arm64-msvc'
689 silly reify ]
690 verbose reify failed optional dependency /Users/fonzi/Downloads/ai-mastering/frontend/node_modules/@next/swc-linux-x64-musl
691 silly reify mark deleted [
691 silly reify   '/Users/fonzi/Downloads/ai-mastering/frontend/node_modules/@next/swc-linux-x64-musl'
691 silly reify ]
692 verbose reify failed optional dependency /Users/fonzi/Downloads/ai-mastering/frontend/node_modules/@next/swc-linux-x64-gnu
693 silly reify mark deleted [
693 silly reify   '/Users/fonzi/Downloads/ai-mastering/frontend/node_modules/@next/swc-linux-x64-gnu'
693 silly reify ]
694 verbose reify failed optional dependency /Users/fonzi/Downloads/ai-mastering/frontend/node_modules/@next/swc-linux-arm64-musl
695 silly reify mark deleted [
695 silly reify   '/Users/fonzi/Downloads/ai-mastering/frontend/node_modules/@next/swc-linux-arm64-musl'
695 silly reify ]
696 verbose reify failed optional dependency /Users/fonzi/Downloads/ai-mastering/frontend/node_modules/@next/swc-linux-arm64-gnu
697 silly reify mark deleted [
697 silly reify   '/Users/fonzi/Downloads/ai-mastering/frontend/node_modules/@next/swc-linux-arm64-gnu'
697 silly reify ]
698 verbose reify failed optional dependency /Users/fonzi/Downloads/ai-mastering/frontend/node_modules/@next/swc-darwin-x64
699 silly reify mark deleted [
699 silly reify   '/Users/fonzi/Downloads/ai-mastering/frontend/node_modules/@next/swc-darwin-x64'
699 silly reify ]
700 silly tarball no local data for escalade@https://registry.npmjs.org/escalade/-/escalade-3.2.0.tgz. Extracting by manifest.
701 silly tarball no local data for is-number@https://registry.npmjs.org/is-number/-/is-number-7.0.0.tgz. Extracting by manifest.
702 silly tarball no local data for yaml@https://registry.npmjs.org/yaml/-/yaml-2.9.0.tgz. Extracting by manifest.
703 silly tarball no local data for @jridgewell/resolve-uri@https://registry.npmjs.org/@jridgewell/resolve-uri/-/resolve-uri-3.1.2.tgz. Extracting by manifest.
704 silly tarball no local data for @jridgewell/trace-mapping@https://registry.npmjs.org/@jridgewell/trace-mapping/-/trace-mapping-0.3.31.tgz. Extracting by manifest.
705 silly tarball no local data for object-assign@https://registry.npmjs.org/object-assign/-/object-assign-4.1.1.tgz. Extracting by manifest.
706 silly tarball no local data for ts-interface-checker@https://registry.npmjs.org/ts-interface-checker/-/ts-interface-checker-0.1.13.tgz. Extracting by manifest.
707 silly tarball no local data for any-promise@https://registry.npmjs.org/any-promise/-/any-promise-1.3.0.tgz. Extracting by manifest.
708 silly tarball no local data for thenify@https://registry.npmjs.org/thenify/-/thenify-3.3.1.tgz. Extracting by manifest.
709 silly tarball no local data for tinyglobby@https://registry.npmjs.org/tinyglobby/-/tinyglobby-0.2.17.tgz. Extracting by manifest.
710 silly tarball no local data for pirates@https://registry.npmjs.org/pirates/-/pirates-4.0.7.tgz. Extracting by manifest.
711 silly tarball no local data for mz@https://registry.npmjs.org/mz/-/mz-2.7.0.tgz. Extracting by manifest.
712 silly tarball no local data for @jridgewell/sourcemap-codec@https://registry.npmjs.org/@jridgewell/sourcemap-codec/-/sourcemap-codec-1.5.5.tgz. Extracting by manifest.
713 silly tarball no local data for supports-preserve-symlinks-flag@https://registry.npmjs.org/supports-preserve-symlinks-flag/-/supports-preserve-symlinks-flag-1.0.0.tgz. Extracting by manifest.
714 silly tarball no local data for hasown@https://registry.npmjs.org/hasown/-/hasown-2.0.4.tgz. Extracting by manifest.
715 silly tarball no local data for is-core-module@https://registry.npmjs.org/is-core-module/-/is-core-module-2.16.2.tgz. Extracting by manifest.
716 silly tarball no local data for @jridgewell/gen-mapping@https://registry.npmjs.org/@jridgewell/gen-mapping/-/gen-mapping-0.3.13.tgz. Extracting by manifest.
717 silly tarball no local data for function-bind@https://registry.npmjs.org/function-bind/-/function-bind-1.1.2.tgz. Extracting by manifest.
718 silly tarball no local data for es-errors@https://registry.npmjs.org/es-errors/-/es-errors-1.3.0.tgz. Extracting by manifest.
719 silly tarball no local data for lines-and-columns@https://registry.npmjs.org/lines-and-columns/-/lines-and-columns-1.2.4.tgz. Extracting by manifest.
720 silly tarball no local data for thenify-all@https://registry.npmjs.org/thenify-all/-/thenify-all-1.6.0.tgz. Extracting by manifest.
721 silly tarball no local data for queue-microtask@https://registry.npmjs.org/queue-microtask/-/queue-microtask-1.2.3.tgz. Extracting by manifest.
722 silly tarball no local data for path-parse@https://registry.npmjs.org/path-parse/-/path-parse-1.0.7.tgz. Extracting by manifest.
723 silly tarball no local data for camelcase-css@https://registry.npmjs.org/camelcase-css/-/camelcase-css-2.0.1.tgz. Extracting by manifest.
724 silly tarball no local data for read-cache@https://registry.npmjs.org/read-cache/-/read-cache-1.0.0.tgz. Extracting by manifest.
725 silly tarball no local data for util-deprecate@https://registry.npmjs.org/util-deprecate/-/util-deprecate-1.0.2.tgz. Extracting by manifest.
726 silly tarball no local data for commander@https://registry.npmjs.org/commander/-/commander-4.1.1.tgz. Extracting by manifest.
727 silly tarball no local data for pify@https://registry.npmjs.org/pify/-/pify-2.3.0.tgz. Extracting by manifest.
728 silly tarball no local data for binary-extensions@https://registry.npmjs.org/binary-extensions/-/binary-extensions-2.3.0.tgz. Extracting by manifest.
729 silly tarball no local data for to-regex-range@https://registry.npmjs.org/to-regex-range/-/to-regex-range-5.0.1.tgz. Extracting by manifest.
730 silly tarball no local data for fastq@https://registry.npmjs.org/fastq/-/fastq-1.20.1.tgz. Extracting by manifest.
731 silly tarball no local data for cssesc@https://registry.npmjs.org/cssesc/-/cssesc-3.0.0.tgz. Extracting by manifest.
732 silly tarball no local data for merge2@https://registry.npmjs.org/merge2/-/merge2-1.4.1.tgz. Extracting by manifest.
733 silly tarball no local data for is-extglob@https://registry.npmjs.org/is-extglob/-/is-extglob-2.1.1.tgz. Extracting by manifest.
734 silly tarball no local data for reusify@https://registry.npmjs.org/reusify/-/reusify-1.1.0.tgz. Extracting by manifest.
735 silly tarball no local data for @nodelib/fs.scandir@https://registry.npmjs.org/@nodelib/fs.scandir/-/fs.scandir-2.1.5.tgz. Extracting by manifest.
736 silly tarball no local data for run-parallel@https://registry.npmjs.org/run-parallel/-/run-parallel-1.2.0.tgz. Extracting by manifest.
737 silly tarball no local data for picomatch@https://registry.npmjs.org/picomatch/-/picomatch-2.3.2.tgz. Extracting by manifest.
738 silly tarball no local data for fsevents@https://registry.npmjs.org/fsevents/-/fsevents-2.3.3.tgz. Extracting by manifest.
739 silly tarball no local data for fill-range@https://registry.npmjs.org/fill-range/-/fill-range-7.1.1.tgz. Extracting by manifest.
740 silly tarball no local data for readdirp@https://registry.npmjs.org/readdirp/-/readdirp-3.6.0.tgz. Extracting by manifest.
741 silly tarball no local data for braces@https://registry.npmjs.org/braces/-/braces-3.0.3.tgz. Extracting by manifest.
742 silly tarball no local data for postcss-selector-parser@https://registry.npmjs.org/postcss-selector-parser/-/postcss-selector-parser-6.1.4.tgz. Extracting by manifest.
743 silly tarball no local data for resolve@https://registry.npmjs.org/resolve/-/resolve-1.22.12.tgz. Extracting by manifest.
744 silly tarball no local data for sucrase@https://registry.npmjs.org/sucrase/-/sucrase-3.35.1.tgz. Extracting by manifest.
745 silly tarball no local data for @nodelib/fs.walk@https://registry.npmjs.org/@nodelib/fs.walk/-/fs.walk-1.2.8.tgz. Extracting by manifest.
746 silly tarball no local data for is-binary-path@https://registry.npmjs.org/is-binary-path/-/is-binary-path-2.1.0.tgz. Extracting by manifest.
747 silly tarball no local data for postcss-nested@https://registry.npmjs.org/postcss-nested/-/postcss-nested-6.2.0.tgz. Extracting by manifest.
748 silly tarball no local data for postcss-import@https://registry.npmjs.org/postcss-import/-/postcss-import-15.1.0.tgz. Extracting by manifest.
749 silly tarball no local data for normalize-path@https://registry.npmjs.org/normalize-path/-/normalize-path-3.0.0.tgz. Extracting by manifest.
750 silly tarball no local data for postcss-js@https://registry.npmjs.org/postcss-js/-/postcss-js-4.1.0.tgz. Extracting by manifest.
751 silly tarball no local data for @nodelib/fs.stat@https://registry.npmjs.org/@nodelib/fs.stat/-/fs.stat-2.0.5.tgz. Extracting by manifest.
752 silly tarball no local data for micromatch@https://registry.npmjs.org/micromatch/-/micromatch-4.0.8.tgz. Extracting by manifest.
753 silly tarball no local data for lilconfig@https://registry.npmjs.org/lilconfig/-/lilconfig-3.1.3.tgz. Extracting by manifest.
754 silly tarball no local data for object-hash@https://registry.npmjs.org/object-hash/-/object-hash-3.0.0.tgz. Extracting by manifest.
755 silly tarball no local data for glob-parent@https://registry.npmjs.org/glob-parent/-/glob-parent-6.0.2.tgz. Extracting by manifest.
756 silly tarball no local data for is-glob@https://registry.npmjs.org/is-glob/-/is-glob-4.0.3.tgz. Extracting by manifest.
757 silly tarball no local data for fast-glob@https://registry.npmjs.org/fast-glob/-/fast-glob-3.3.3.tgz. Extracting by manifest.
758 silly tarball no local data for didyoumean@https://registry.npmjs.org/didyoumean/-/didyoumean-1.2.2.tgz. Extracting by manifest.
759 silly tarball no local data for jiti@https://registry.npmjs.org/jiti/-/jiti-1.21.7.tgz. Extracting by manifest.
760 silly tarball no local data for dlv@https://registry.npmjs.org/dlv/-/dlv-1.1.3.tgz. Extracting by manifest.
761 silly tarball no local data for arg@https://registry.npmjs.org/arg/-/arg-5.0.2.tgz. Extracting by manifest.
762 silly tarball no local data for chokidar@https://registry.npmjs.org/chokidar/-/chokidar-3.6.0.tgz. Extracting by manifest.
763 silly tarball no local data for @alloc/quick-lru@https://registry.npmjs.org/@alloc/quick-lru/-/quick-lru-5.2.0.tgz. Extracting by manifest.
764 silly tarball no local data for client-only@https://registry.npmjs.org/client-only/-/client-only-0.0.1.tgz. Extracting by manifest.
765 silly tarball no local data for scheduler@https://registry.npmjs.org/scheduler/-/scheduler-0.23.2.tgz. Extracting by manifest.
766 silly tarball no local data for source-map-js@https://registry.npmjs.org/source-map-js/-/source-map-js-1.2.1.tgz. Extracting by manifest.
767 silly tarball no local data for nanoid@https://registry.npmjs.org/nanoid/-/nanoid-3.3.17.tgz. Extracting by manifest.
768 silly tarball no local data for anymatch@https://registry.npmjs.org/anymatch/-/anymatch-3.1.3.tgz. Extracting by manifest.
769 silly tarball no local data for tslib@https://registry.npmjs.org/tslib/-/tslib-2.8.1.tgz. Extracting by manifest.
770 silly tarball no local data for loose-envify@https://registry.npmjs.org/loose-envify/-/loose-envify-1.4.0.tgz. Extracting by manifest.
771 silly tarball no local data for @swc/counter@https://registry.npmjs.org/@swc/counter/-/counter-0.1.3.tgz. Extracting by manifest.
772 silly tarball no local data for styled-jsx@https://registry.npmjs.org/styled-jsx/-/styled-jsx-5.1.1.tgz. Extracting by manifest.
773 silly tarball no local data for @next/swc-darwin-arm64@https://registry.npmjs.org/@next/swc-darwin-arm64/-/swc-darwin-arm64-14.2.20.tgz. Extracting by manifest.
774 silly tarball no local data for @next/env@https://registry.npmjs.org/@next/env/-/env-14.2.20.tgz. Extracting by manifest.
775 silly tarball no local data for update-browserslist-db@https://registry.npmjs.org/update-browserslist-db/-/update-browserslist-db-1.2.3.tgz. Extracting by manifest.
776 silly tarball no local data for node-releases@https://registry.npmjs.org/node-releases/-/node-releases-2.0.52.tgz. Extracting by manifest.
777 silly tarball no local data for electron-to-chromium@https://registry.npmjs.org/electron-to-chromium/-/electron-to-chromium-1.5.401.tgz. Extracting by manifest.
778 silly tarball no local data for js-tokens@https://registry.npmjs.org/js-tokens/-/js-tokens-4.0.0.tgz. Extracting by manifest.
779 silly tarball no local data for postcss-value-parser@https://registry.npmjs.org/postcss-value-parser/-/postcss-value-parser-4.2.0.tgz. Extracting by manifest.
780 silly tarball no local data for baseline-browser-mapping@https://registry.npmjs.org/baseline-browser-mapping/-/baseline-browser-mapping-2.11.12.tgz. Extracting by manifest.
781 silly tarball no local data for graceful-fs@https://registry.npmjs.org/graceful-fs/-/graceful-fs-4.2.11.tgz. Extracting by manifest.
782 silly tarball no local data for busboy@https://registry.npmjs.org/busboy/-/busboy-1.6.0.tgz. Extracting by manifest.
783 silly tarball no local data for streamsearch@https://registry.npmjs.org/streamsearch/-/streamsearch-1.1.0.tgz. Extracting by manifest.
784 silly tarball no local data for @swc/helpers@https://registry.npmjs.org/@swc/helpers/-/helpers-0.5.5.tgz. Extracting by manifest.
785 silly tarball no local data for normalize-range@https://registry.npmjs.org/normalize-range/-/normalize-range-0.1.2.tgz. Extracting by manifest.
786 silly tarball no local data for browserslist@https://registry.npmjs.org/browserslist/-/browserslist-4.28.7.tgz. Extracting by manifest.
787 silly tarball no local data for zustand@https://registry.npmjs.org/zustand/-/zustand-5.0.7.tgz. Extracting by manifest.
788 silly tarball no local data for picocolors@https://registry.npmjs.org/picocolors/-/picocolors-1.1.1.tgz. Extracting by manifest.
789 silly tarball no local data for react-dom@https://registry.npmjs.org/react-dom/-/react-dom-18.3.1.tgz. Extracting by manifest.
790 silly tarball no local data for tailwindcss@https://registry.npmjs.org/tailwindcss/-/tailwindcss-3.4.16.tgz. Extracting by manifest.
791 silly tarball no local data for ogl@https://registry.npmjs.org/ogl/-/ogl-1.0.11.tgz. Extracting by manifest.
792 silly tarball no local data for caniuse-lite@https://registry.npmjs.org/caniuse-lite/-/caniuse-lite-1.0.30001806.tgz. Extracting by manifest.
793 silly tarball no local data for next@https://registry.npmjs.org/next/-/next-14.2.20.tgz. Extracting by manifest.
794 silly tarball no local data for fraction.js@https://registry.npmjs.org/fraction.js/-/fraction.js-4.3.7.tgz. Extracting by manifest.
795 silly tarball no local data for autoprefixer@https://registry.npmjs.org/autoprefixer/-/autoprefixer-10.4.20.tgz. Extracting by manifest.
796 silly tarball no local data for fdir@https://registry.npmjs.org/fdir/-/fdir-6.5.0.tgz. Extracting by manifest.
797 silly tarball no local data for react@https://registry.npmjs.org/react/-/react-18.3.1.tgz. Extracting by manifest.
798 silly tarball no local data for postcss-load-config@https://registry.npmjs.org/postcss-load-config/-/postcss-load-config-4.0.2.tgz. Extracting by manifest.
799 silly tarball no local data for picomatch@https://registry.npmjs.org/picomatch/-/picomatch-4.0.5.tgz. Extracting by manifest.
800 silly tarball no local data for glob-parent@https://registry.npmjs.org/glob-parent/-/glob-parent-5.1.2.tgz. Extracting by manifest.
801 silly tarball no local data for postcss@https://registry.npmjs.org/postcss/-/postcss-8.4.49.tgz. Extracting by manifest.
802 silly tarball no local data for glob-parent@https://registry.npmjs.org/glob-parent/-/glob-parent-5.1.2.tgz. Extracting by manifest.
803 silly tarball no local data for postcss@https://registry.npmjs.org/postcss/-/postcss-8.4.31.tgz. Extracting by manifest.
804 http fetch GET 200 https://registry.npmjs.org/escalade/-/escalade-3.2.0.tgz 142ms (cache miss)
805 http fetch GET 200 https://registry.npmjs.org/object-assign/-/object-assign-4.1.1.tgz 140ms (cache miss)
806 http fetch GET 200 https://registry.npmjs.org/is-number/-/is-number-7.0.0.tgz 142ms (cache miss)
807 http fetch GET 200 https://registry.npmjs.org/@jridgewell/resolve-uri/-/resolve-uri-3.1.2.tgz 158ms (cache miss)
808 http fetch GET 200 https://registry.npmjs.org/@jridgewell/trace-mapping/-/trace-mapping-0.3.31.tgz 194ms (cache miss)
809 http fetch GET 200 https://registry.npmjs.org/hasown/-/hasown-2.0.4.tgz 203ms (cache miss)
810 http fetch GET 200 https://registry.npmjs.org/is-core-module/-/is-core-module-2.16.2.tgz 211ms (cache miss)
811 http fetch GET 200 https://registry.npmjs.org/@jridgewell/gen-mapping/-/gen-mapping-0.3.13.tgz 223ms (cache miss)
812 http fetch GET 200 https://registry.npmjs.org/yaml/-/yaml-2.9.0.tgz 233ms (cache miss)
813 http fetch POST 200 https://registry.npmjs.org/-/npm/v1/security/advisories/bulk 255ms
814 silly audit report {
814 silly audit report   postcss: [
814 silly audit report     {
814 silly audit report       id: 1130709,
814 silly audit report       url: 'https://github.com/advisories/GHSA-fxqj-rqcc-2cmp',
814 silly audit report       title: 'PostCSS: incomplete fix of GHSA-6g55-p6wh-862q — attacker-controlled sourceMappingURL reads arbitrary .map files when `from` is unset',
814 silly audit report       severity: 'moderate',
814 silly audit report       vulnerable_versions: '<=8.5.22',
814 silly audit report       cwe: [Array],
814 silly audit report       cvss: [Object]
814 silly audit report     },
814 silly audit report     {
814 silly audit report       id: 1117015,
814 silly audit report       url: 'https://github.com/advisories/GHSA-qx2v-qp2m-jg93',
814 silly audit report       title: 'PostCSS has XSS via Unescaped </style> in its CSS Stringify Output',
814 silly audit report       severity: 'moderate',
814 silly audit report       vulnerable_versions: '<8.5.10',
814 silly audit report       cwe: [Array],
814 silly audit report       cvss: [Object]
814 silly audit report     },
814 silly audit report     {
814 silly audit report       id: 1124252,
814 silly audit report       url: 'https://github.com/advisories/GHSA-6g55-p6wh-862q',
814 silly audit report       title: 'PostCSS: Arbitrary file read and information disclosure via attacker-controlled sourceMappingURL in CSS comments',
814 silly audit report       severity: 'high',
814 silly audit report       vulnerable_versions: '<=8.5.11',
814 silly audit report       cwe: [Array],
814 silly audit report       cvss: [Object]
814 silly audit report     },
814 silly audit report     {
814 silly audit report       id: 1124288,
814 silly audit report       url: 'https://github.com/advisories/GHSA-r28c-9q8g-f849',
814 silly audit report       title: 'PostCSS: Path Traversal in Previous Source Map Auto-Loading (sourceMappingURL) leads to Arbitrary .map File Disclosure',
814 silly audit report       severity: 'high',
814 silly audit report       vulnerable_versions: '<=8.5.17',
814 silly audit report       cwe: [Array],
814 silly audit report       cvss: [Object]
814 silly audit report     }
814 silly audit report   ],
814 silly audit report   next: [
814 silly audit report     {
814 silly audit report       id: 1117931,
814 silly audit report       url: 'https://github.com/advisories/GHSA-8h8q-6873-q5fj',
814 silly audit report       title: 'Next.js Vulnerable to Denial of Service with Server Components',
814 silly audit report       severity: 'high',
814 silly audit report       vulnerable_versions: '>=13.0.0 <15.5.16',
814 silly audit report       cwe: [Array],
814 silly audit report       cvss: [Object]
814 silly audit report     },
814 silly audit report     {
814 silly audit report       id: 1101438,
814 silly audit report       url: 'https://github.com/advisories/GHSA-7m27-7ghc-44w9',
814 silly audit report       title: 'Next.js Allows a Denial of Service (DoS) with Server Actions',
814 silly audit report       severity: 'moderate',
814 silly audit report       vulnerable_versions: '>=14.0.0 <14.2.21',
814 silly audit report       cwe: [Array],
814 silly audit report       cvss: [Object]
814 silly audit report     },
814 silly audit report     {
814 silly audit report       id: 1105461,
814 silly audit report       url: 'https://github.com/advisories/GHSA-3h52-269p-cp9r',
814 silly audit report       title: 'Information exposure in Next.js dev server due to lack of origin verification',
814 silly audit report       severity: 'low',
814 silly audit report       vulnerable_versions: '>=13.0 <14.2.30',
814 silly audit report       cwe: [Array],
814 silly audit report       cvss: [Object]
814 silly audit report     },
814 silly audit report     {
814 silly audit report       id: 1111391,
814 silly audit report       url: 'https://github.com/advisories/GHSA-mwv6-3258-q52c',
814 silly audit report       title: 'Next Vulnerable to Denial of Service with Server Components',
814 silly audit report       severity: 'high',
814 silly audit report       vulnerable_versions: '>=13.3.0 <14.2.34',
814 silly audit report       cwe: [Array],
814 silly audit report       cvss: [Object]
814 silly audit report     },
814 silly audit report     {
814 silly audit report       id: 1107226,
814 silly audit report       url: 'https://github.com/advisories/GHSA-g5qg-72qw-gw5v',
814 silly audit report       title: 'Next.js Affected by Cache Key Confusion for Image Optimization API Routes',
814 silly audit report       severity: 'moderate',
814 silly audit report       vulnerable_versions: '>=0.9.9 <14.2.31',
814 silly audit report       cwe: [Array],
814 silly audit report       cvss: [Object]
814 silly audit report     },
814 silly audit report     {
814 silly audit report       id: 1107512,
814 silly audit report       url: 'https://github.com/advisories/GHSA-4342-x723-ch2f',
814 silly audit report       title: 'Next.js Improper Middleware Redirect Handling Leads to SSRF',
814 silly audit report       severity: 'moderate',
814 silly audit report       vulnerable_versions: '>=0.9.9 <14.2.32',
814 silly audit report       cwe: [Array],
814 silly audit report       cvss: [Object]
814 silly audit report     },
814 silly audit report     {
814 silly audit report       id: 1107513,
814 silly audit report       url: 'https://github.com/advisories/GHSA-xv57-4mr9-wg8v',
814 silly audit report       title: 'Next.js Content Injection Vulnerability for Image Optimization',
814 silly audit report       severity: 'moderate',
814 silly audit report       vulnerable_versions: '>=0.9.9 <14.2.31',
814 silly audit report       cwe: [Array],
814 silly audit report       cvss: [Object]
814 silly audit report     },
814 silly audit report     {
814 silly audit report       id: 1112182,
814 silly audit report       url: 'https://github.com/advisories/GHSA-5j59-xgg2-r9c4',
814 silly audit report       title: 'Next has a Denial of Service with Server Components - Incomplete Fix Follow-Up',
814 silly audit report       severity: 'high',
814 silly audit report       vulnerable_versions: '>=13.3.1-canary.0 <14.2.35',
814 silly audit report       cwe: [Array],
814 silly audit report       cvss: [Object]
814 silly audit report     },
814 silly audit report     {
814 silly audit report       id: 1108291,
814 silly audit report       url: 'https://github.com/advisories/GHSA-qpjv-v59x-3qc4',
814 silly audit report       title: 'Next.js Race Condition to Cache Poisoning',
814 silly audit report       severity: 'low',
814 silly audit report       vulnerable_versions: '>=0.9.9 <14.2.24',
814 silly audit report       cwe: [Array],
814 silly audit report       cvss: [Object]
814 silly audit report     },
814 silly audit report     {
814 silly audit report       id: 1118942,
814 silly audit report       url: 'https://github.com/advisories/GHSA-3g8h-86w9-wvmq',
814 silly audit report       title: "Next.js's Middleware / Proxy redirects can be cache-poisoned",
814 silly audit report       severity: 'low',
814 silly audit report       vulnerable_versions: '>=12.2.0 <15.5.16',
814 silly audit report       cwe: [Array],
814 silly audit report       cvss: [Object]
814 silly audit report     },
814 silly audit report     {
814 silly audit report       id: 1118944,
814 silly audit report       url: 'https://github.com/advisories/GHSA-ffhc-5mcf-pf4q',
814 silly audit report       title: 'Next.js vulnerable to cross-site scripting in App Router applications using CSP nonces',
814 silly audit report       severity: 'moderate',
814 silly audit report       vulnerable_versions: '>=13.4.0 <15.5.16',
814 silly audit report       cwe: [Array],
814 silly audit report       cvss: [Object]
814 silly audit report     },
814 silly audit report     {
814 silly audit report       id: 1118946,
814 silly audit report       url: 'https://github.com/advisories/GHSA-vfv6-92ff-j949',
814 silly audit report       title: 'Next.js vulnerable to cache poisoning via collisions in React Server Component cache-busting',
814 silly audit report       severity: 'low',
814 silly audit report       vulnerable_versions: '>=13.4.6 <15.5.16',
814 silly audit report       cwe: [Array],
814 silly audit report       cvss: [Object]
814 silly audit report     },
814 silly audit report     {
814 silly audit report       id: 1118948,
814 silly audit report       url: 'https://github.com/advisories/GHSA-gx5p-jg67-6x7h',
814 silly audit report       title: 'Next.js has cross-site scripting in beforeInteractive scripts with untrusted input',
814 silly audit report       severity: 'moderate',
814 silly audit report       vulnerable_versions: '>=13.0.0 <15.5.16',
814 silly audit report       cwe: [Array],
814 silly audit report       cvss: [Object]
814 silly audit report     },
814 silly audit report     {
814 silly audit report       id: 1118952,
814 silly audit report       url: 'https://github.com/advisories/GHSA-h64f-5h5j-jqjh',
814 silly audit report       title: 'Next.js has a Denial of Service in the Image Optimization API',
814 silly audit report       severity: 'moderate',
814 silly audit report       vulnerable_versions: '>=10.0.0 <15.5.16',
814 silly audit report       cwe: [Array],
814 silly audit report       cvss: [Object]
814 silly audit report     },
814 silly audit report     {
814 silly audit report       id: 1118954,
814 silly audit report       url: 'https://github.com/advisories/GHSA-c4j6-fc7j-m34r',
814 silly audit report       title: 'Next.js vulnerable to server-side request forgery in applications using WebSocket upgrades',
814 silly audit report       severity: 'high',
814 silly audit report       vulnerable_versions: '>=13.4.13 <15.5.16',
814 silly audit report       cwe: [Array],
814 silly audit report       cvss: [Object]
814 silly audit report     },
814 silly audit report     {
814 silly audit report       id: 1118958,
814 silly audit report       url: 'https://github.com/advisories/GHSA-wfc6-r584-vfw7',
814 silly audit report       title: 'Next.js vulnerable to cache poisoning in React Server Component responses',
814 silly audit report       severity: 'moderate',
814 silly audit report       vulnerable_versions: '>=14.2.0 <15.5.16',
814 silly audit report       cwe: [Array],
814 silly audit report       cvss: [Object]
814 silly audit report     },
814 silly audit report     {
814 silly audit report       id: 1118962,
814 silly audit report       url: 'https://github.com/advisories/GHSA-36qx-fr4f-26g5',
814 silly audit report       title: 'Next.js has a Middleware / Proxy bypass in Pages Router applications using i18n',
814 silly audit report       severity: 'high',
814 silly audit report       vulnerable_versions: '>=12.2.0 <15.5.16',
814 silly audit report       cwe: [Array],
814 silly audit report       cvss: [Object]
814 silly audit report     },
814 silly audit report     {
814 silly audit report       id: 1112593,
814 silly audit report       url: 'https://github.com/advisories/GHSA-9g9p-9gw9-jx7f',
814 silly audit report       title: 'Next.js self-hosted applications vulnerable to DoS via Image Optimizer remotePatterns configuration',
814 silly audit report       severity: 'moderate',
814 silly audit report       vulnerable_versions: '>=10.0.0 <15.5.10',
814 silly audit report       cwe: [Array],
814 silly audit report       cvss: [Object]
814 silly audit report     },
814 silly audit report     {
814 silly audit report       id: 1112653,
814 silly audit report       url: 'https://github.com/advisories/GHSA-h25m-26qc-wcjf',
814 silly audit report       title: 'Next.js HTTP request deserialization can lead to DoS when using insecure React Server Components',
814 silly audit report       severity: 'high',
814 silly audit report       vulnerable_versions: '>=13.0.0 <15.0.8',
814 silly audit report       cwe: [Array],
814 silly audit report       cvss: [Object]
814 silly audit report     },
814 silly audit report     {
814 silly audit report       id: 1113689,
814 silly audit report       url: 'https://github.com/advisories/GHSA-f82v-jwr5-mffw',
814 silly audit report       title: 'Authorization Bypass in Next.js Middleware',
814 silly audit report       severity: 'critical',
814 silly audit report       vulnerable_versions: '>=14.0.0 <14.2.25',
814 silly audit report       cwe: [Array],
814 silly audit report       cvss: [Object]
814 silly audit report     },
814 silly audit report     {
814 silly audit report       id: 1114897,
814 silly audit report       url: 'https://github.com/advisories/GHSA-ggv3-7p47-pfv8',
814 silly audit report       title: 'Next.js: HTTP request smuggling in rewrites',
814 silly audit report       severity: 'moderate',
814 silly audit report       vulnerable_versions: '>=9.5.0 <15.5.13',
814 silly audit report       cwe: [Array],
814 silly audit report       cvss: [Object]
814 silly audit report     },
814 silly audit report     {
814 silly audit report       id: 1114940,
814 silly audit report       url: 'https://github.com/advisories/GHSA-3x4c-7xq6-9pq8',
814 silly audit report       title: 'Next.js: Unbounded next/image disk cache growth can exhaust storage',
814 silly audit report       severity: 'moderate',
814 silly audit report       vulnerable_versions: '>=10.0.0 <15.5.14',
814 silly audit report       cwe: [Array],
814 silly audit report       cvss: [Object]
814 silly audit report     },
814 silly audit report     {
814 silly audit report       id: 1116376,
814 silly audit report       url: 'https://github.com/advisories/GHSA-q4gf-8mx6-v5v3',
814 silly audit report       title: 'Next.js has a Denial of Service with Server Components',
814 silly audit report       severity: 'high',
814 silly audit report       vulnerable_versions: '>=13.0.0 <15.5.15',
814 silly audit report       cwe: [Array],
814 silly audit report       cvss: [Object]
814 silly audit report     },
814 silly audit report     {
814 silly audit report       id: 1124185,
814 silly audit report       url: 'https://github.com/advisories/GHSA-89xv-2m56-2m9x',
814 silly audit report       title: 'Next.js: Server-Side Request Forgery in Server Actions on custom servers',
814 silly audit report       severity: 'high',
814 silly audit report       vulnerable_versions: '>=14.1.1 <15.5.21',
814 silly audit report       cwe: [Array],
814 silly audit report       cvss: [Object]
814 silly audit report     },
814 silly audit report     {
814 silly audit report       id: 1124172,
814 silly audit report       url: 'https://github.com/advisories/GHSA-m99w-x7hq-7vfj',
814 silly audit report       title: 'Next.js: Denial of Service in App Router using Server Actions',
814 silly audit report       severity: 'high',
814 silly audit report       vulnerable_versions: '>=13.0.0 <15.5.21',
814 silly audit report       cwe: [Array],
814 silly audit report       cvss: [Object]
814 silly audit report     },
814 silly audit report     {
814 silly audit report       id: 1124187,
814 silly audit report       url: 'https://github.com/advisories/GHSA-68g3-v927-f742',
814 silly audit report       title: 'Next.js: Cache confusion of response bodies for requests with bodies',
814 silly audit report       severity: 'moderate',
814 silly audit report       vulnerable_versions: '>=13.0.0 <15.5.21',
814 silly audit report       cwe: [Array],
814 silly audit report       cvss: [Object]
814 silly audit report     },
814 silly audit report     {
814 silly audit report       id: 1124189,
814 silly audit report       url: 'https://github.com/advisories/GHSA-4633-3j49-mh5q',
814 silly audit report       title: 'Next.js: Cache confusion of response bodies for requests with bodies containing invalid UTF-8 byte sequences',
814 silly audit report       severity: 'moderate',
814 silly audit report       vulnerable_versions: '>=13.0.0 <15.5.21',
814 silly audit report       cwe: [Array],
814 silly audit report       cvss: [Object]
814 silly audit report     },
814 silly audit report     {
814 silly audit report       id: 1124191,
814 silly audit report       url: 'https://github.com/advisories/GHSA-4c39-4ccg-62r3',
814 silly audit report       title: 'Next.js: Unbounded Server Action payload in Edge runtime',
814 silly audit report       severity: 'moderate',
814 silly audit report       vulnerable_versions: '>=13.0.0 <15.5.21',
814 silly audit report       cwe: [Array],
814 silly audit report       cvss: [Object]
814 silly audit report     },
814 silly audit report     {
814 silly audit report       id: 1124193,
814 silly audit report       url: 'https://github.com/advisories/GHSA-p9j2-gv94-2wf4',
814 silly audit report       title: 'Next.js: Server-Side Request Forgery in rewrites via attacker-controlled destination hostname',
814 silly audit report       severity: 'high',
814 silly audit report       vulnerable_versions: '>=12.0.0 <15.5.21',
814 silly audit report       cwe: [Array],
814 silly audit report       cvss: [Object]
814 silly audit report     },
814 silly audit report     {
814 silly audit report       id: 1124197,
814 silly audit report       url: 'https://github.com/advisories/GHSA-955p-x3mx-jcvp',
814 silly audit report       title: 'Next.js: Unauthenticated disclosure of internal Server Function endpoints',
814 silly audit report       severity: 'moderate',
814 silly audit report       vulnerable_versions: '>=13.0.0 <15.5.21',
814 silly audit report       cwe: [Array],
814 silly audit report       cvss: [Object]
814 silly audit report     }
814 silly audit report   ]
814 silly audit report }
815 silly packumentCache corgi:https://registry.npmjs.org/postcss cache-miss
816 silly packumentCache corgi:https://registry.npmjs.org/next cache-miss
817 http fetch GET 200 https://registry.npmjs.org/function-bind/-/function-bind-1.1.2.tgz 247ms (cache miss)
818 http fetch GET 200 https://registry.npmjs.org/es-errors/-/es-errors-1.3.0.tgz 261ms (cache miss)
819 http fetch GET 200 https://registry.npmjs.org/lines-and-columns/-/lines-and-columns-1.2.4.tgz 269ms (cache miss)
820 http fetch GET 200 https://registry.npmjs.org/thenify-all/-/thenify-all-1.6.0.tgz 289ms (cache miss)
821 http fetch GET 200 https://registry.npmjs.org/queue-microtask/-/queue-microtask-1.2.3.tgz 288ms (cache miss)
822 http fetch GET 200 https://registry.npmjs.org/path-parse/-/path-parse-1.0.7.tgz 294ms (cache miss)
823 http fetch GET 200 https://registry.npmjs.org/camelcase-css/-/camelcase-css-2.0.1.tgz 324ms (cache miss)
824 http fetch GET 200 https://registry.npmjs.org/read-cache/-/read-cache-1.0.0.tgz 340ms (cache miss)
825 http fetch GET 200 https://registry.npmjs.org/supports-preserve-symlinks-flag/-/supports-preserve-symlinks-flag-1.0.0.tgz 346ms (cache miss)
826 http fetch GET 200 https://registry.npmjs.org/ts-interface-checker/-/ts-interface-checker-0.1.13.tgz 348ms (cache miss)
827 http fetch GET 200 https://registry.npmjs.org/@jridgewell/sourcemap-codec/-/sourcemap-codec-1.5.5.tgz 356ms (cache miss)
828 http fetch GET 200 https://registry.npmjs.org/tinyglobby/-/tinyglobby-0.2.17.tgz 357ms (cache miss)
829 http fetch GET 200 https://registry.npmjs.org/commander/-/commander-4.1.1.tgz 359ms (cache miss)
830 http fetch GET 200 https://registry.npmjs.org/mz/-/mz-2.7.0.tgz 366ms (cache miss)
831 http fetch GET 200 https://registry.npmjs.org/thenify/-/thenify-3.3.1.tgz 368ms (cache miss)
832 http fetch GET 200 https://registry.npmjs.org/util-deprecate/-/util-deprecate-1.0.2.tgz 360ms (cache miss)
833 http fetch GET 200 https://registry.npmjs.org/pify/-/pify-2.3.0.tgz 363ms (cache miss)
834 http fetch GET 200 https://registry.npmjs.org/any-promise/-/any-promise-1.3.0.tgz 373ms (cache miss)
835 http fetch GET 200 https://registry.npmjs.org/pirates/-/pirates-4.0.7.tgz 372ms (cache miss)
836 http fetch GET 200 https://registry.npmjs.org/binary-extensions/-/binary-extensions-2.3.0.tgz 368ms (cache miss)
837 http fetch GET 200 https://registry.npmjs.org/to-regex-range/-/to-regex-range-5.0.1.tgz 367ms (cache miss)
838 http fetch GET 200 https://registry.npmjs.org/cssesc/-/cssesc-3.0.0.tgz 447ms (cache miss)
839 http fetch GET 200 https://registry.npmjs.org/is-extglob/-/is-extglob-2.1.1.tgz 449ms (cache miss)
840 http fetch GET 200 https://registry.npmjs.org/merge2/-/merge2-1.4.1.tgz 449ms (cache miss)
841 http fetch GET 200 https://registry.npmjs.org/run-parallel/-/run-parallel-1.2.0.tgz 447ms (cache miss)
842 http fetch GET 200 https://registry.npmjs.org/reusify/-/reusify-1.1.0.tgz 449ms (cache miss)
843 http fetch GET 200 https://registry.npmjs.org/fastq/-/fastq-1.20.1.tgz 452ms (cache miss)
844 http fetch GET 200 https://registry.npmjs.org/@nodelib/fs.scandir/-/fs.scandir-2.1.5.tgz 452ms (cache miss)
845 http fetch GET 200 https://registry.npmjs.org/fsevents/-/fsevents-2.3.3.tgz 479ms (cache miss)
846 http fetch GET 200 https://registry.npmjs.org/postcss-selector-parser/-/postcss-selector-parser-6.1.4.tgz 478ms (cache miss)
847 http fetch GET 200 https://registry.npmjs.org/fill-range/-/fill-range-7.1.1.tgz 488ms (cache miss)
848 http fetch GET 200 https://registry.npmjs.org/braces/-/braces-3.0.3.tgz 487ms (cache miss)
849 http fetch GET 200 https://registry.npmjs.org/readdirp/-/readdirp-3.6.0.tgz 489ms (cache miss)
850 http fetch GET 200 https://registry.npmjs.org/picomatch/-/picomatch-2.3.2.tgz 492ms (cache miss)
851 http fetch GET 200 https://registry.npmjs.org/resolve/-/resolve-1.22.12.tgz 506ms (cache miss)
852 http fetch GET 200 https://registry.npmjs.org/normalize-path/-/normalize-path-3.0.0.tgz 512ms (cache miss)
853 http fetch GET 200 https://registry.npmjs.org/is-binary-path/-/is-binary-path-2.1.0.tgz 514ms (cache miss)
854 http fetch GET 200 https://registry.npmjs.org/postcss-import/-/postcss-import-15.1.0.tgz 513ms (cache miss)
855 http fetch GET 200 https://registry.npmjs.org/postcss-js/-/postcss-js-4.1.0.tgz 512ms (cache miss)
856 http fetch GET 200 https://registry.npmjs.org/postcss-nested/-/postcss-nested-6.2.0.tgz 514ms (cache miss)
857 http fetch GET 200 https://registry.npmjs.org/@nodelib/fs.walk/-/fs.walk-1.2.8.tgz 521ms (cache miss)
858 http fetch GET 200 https://registry.npmjs.org/@nodelib/fs.stat/-/fs.stat-2.0.5.tgz 533ms (cache miss)
859 http fetch GET 200 https://registry.npmjs.org/micromatch/-/micromatch-4.0.8.tgz 545ms (cache miss)
860 http fetch GET 200 https://registry.npmjs.org/lilconfig/-/lilconfig-3.1.3.tgz 546ms (cache miss)
861 http fetch GET 200 https://registry.npmjs.org/object-hash/-/object-hash-3.0.0.tgz 552ms (cache miss)
862 http fetch GET 200 https://registry.npmjs.org/glob-parent/-/glob-parent-6.0.2.tgz 552ms (cache miss)
863 http fetch GET 200 https://registry.npmjs.org/is-glob/-/is-glob-4.0.3.tgz 552ms (cache miss)
864 http fetch GET 200 https://registry.npmjs.org/didyoumean/-/didyoumean-1.2.2.tgz 561ms (cache miss)
865 http fetch GET 200 https://registry.npmjs.org/fast-glob/-/fast-glob-3.3.3.tgz 582ms (cache miss)
866 http fetch GET 200 https://registry.npmjs.org/arg/-/arg-5.0.2.tgz 588ms (cache miss)
867 http fetch GET 200 https://registry.npmjs.org/dlv/-/dlv-1.1.3.tgz 588ms (cache miss)
868 http fetch GET 200 https://registry.npmjs.org/client-only/-/client-only-0.0.1.tgz 599ms (cache miss)
869 http fetch GET 200 https://registry.npmjs.org/chokidar/-/chokidar-3.6.0.tgz 615ms (cache miss)
870 http fetch GET 200 https://registry.npmjs.org/sucrase/-/sucrase-3.35.1.tgz 625ms (cache miss)
871 http fetch GET 200 https://registry.npmjs.org/@alloc/quick-lru/-/quick-lru-5.2.0.tgz 616ms (cache miss)
872 http fetch GET 200 https://registry.npmjs.org/scheduler/-/scheduler-0.23.2.tgz 615ms (cache miss)
873 http fetch GET 200 https://registry.npmjs.org/anymatch/-/anymatch-3.1.3.tgz 622ms (cache miss)
874 http fetch GET 200 https://registry.npmjs.org/nanoid/-/nanoid-3.3.17.tgz 625ms (cache miss)
875 http fetch GET 200 https://registry.npmjs.org/source-map-js/-/source-map-js-1.2.1.tgz 625ms (cache miss)
876 http fetch GET 200 https://registry.npmjs.org/tslib/-/tslib-2.8.1.tgz 631ms (cache miss)
877 http fetch GET 200 https://registry.npmjs.org/loose-envify/-/loose-envify-1.4.0.tgz 631ms (cache miss)
878 http fetch GET 200 https://registry.npmjs.org/@swc/counter/-/counter-0.1.3.tgz 632ms (cache miss)
879 http fetch GET 200 https://registry.npmjs.org/update-browserslist-db/-/update-browserslist-db-1.2.3.tgz 688ms (cache miss)
880 http fetch GET 200 https://registry.npmjs.org/js-tokens/-/js-tokens-4.0.0.tgz 690ms (cache miss)
881 http fetch GET 200 https://registry.npmjs.org/node-releases/-/node-releases-2.0.52.tgz 691ms (cache miss)
882 http fetch GET 200 https://registry.npmjs.org/graceful-fs/-/graceful-fs-4.2.11.tgz 709ms (cache miss)
883 http fetch GET 200 https://registry.npmjs.org/postcss-value-parser/-/postcss-value-parser-4.2.0.tgz 711ms (cache miss)
884 http fetch GET 200 https://registry.npmjs.org/baseline-browser-mapping/-/baseline-browser-mapping-2.11.12.tgz 712ms (cache miss)
885 http fetch GET 200 https://registry.npmjs.org/electron-to-chromium/-/electron-to-chromium-1.5.401.tgz 731ms (cache miss)
886 http fetch GET 200 https://registry.npmjs.org/busboy/-/busboy-1.6.0.tgz 733ms (cache miss)
887 http fetch GET 200 https://registry.npmjs.org/normalize-range/-/normalize-range-0.1.2.tgz 737ms (cache miss)
888 http fetch GET 200 https://registry.npmjs.org/streamsearch/-/streamsearch-1.1.0.tgz 740ms (cache miss)
889 http fetch GET 200 https://registry.npmjs.org/@swc/helpers/-/helpers-0.5.5.tgz 815ms (cache miss)
890 http fetch GET 200 https://registry.npmjs.org/browserslist/-/browserslist-4.28.7.tgz 816ms (cache miss)
891 http fetch GET 200 https://registry.npmjs.org/picocolors/-/picocolors-1.1.1.tgz 821ms (cache miss)
892 http fetch GET 200 https://registry.npmjs.org/zustand/-/zustand-5.0.7.tgz 822ms (cache miss)
893 http fetch GET 200 https://registry.npmjs.org/jiti/-/jiti-1.21.7.tgz 844ms (cache miss)
894 http fetch GET 200 https://registry.npmjs.org/ogl/-/ogl-1.0.11.tgz 883ms (cache miss)
895 http fetch GET 200 https://registry.npmjs.org/fraction.js/-/fraction.js-4.3.7.tgz 1079ms (cache miss)
896 http fetch GET 200 https://registry.npmjs.org/autoprefixer/-/autoprefixer-10.4.20.tgz 1096ms (cache miss)
897 http fetch GET 200 https://registry.npmjs.org/styled-jsx/-/styled-jsx-5.1.1.tgz 1206ms (cache miss)
898 http fetch GET 200 https://registry.npmjs.org/fdir/-/fdir-6.5.0.tgz 1230ms (cache miss)
899 http fetch GET 200 https://registry.npmjs.org/@next/env/-/env-14.2.20.tgz 1275ms (cache miss)
900 http fetch GET 200 https://registry.npmjs.org/postcss-load-config/-/postcss-load-config-4.0.2.tgz 1294ms (cache miss)
901 http fetch GET 200 https://registry.npmjs.org/glob-parent/-/glob-parent-5.1.2.tgz 1313ms (cache miss)
902 http fetch GET 200 https://registry.npmjs.org/picomatch/-/picomatch-4.0.5.tgz 1321ms (cache miss)
903 http fetch GET 200 https://registry.npmjs.org/postcss/-/postcss-8.4.49.tgz 1340ms (cache miss)
904 http fetch GET 200 https://registry.npmjs.org/glob-parent/-/glob-parent-5.1.2.tgz 1426ms (cache miss)
905 http fetch GET 200 https://registry.npmjs.org/postcss/-/postcss-8.4.31.tgz 1439ms (cache miss)
906 http fetch GET 200 https://registry.npmjs.org/react/-/react-18.3.1.tgz 1584ms (cache miss)
907 http fetch GET 200 https://registry.npmjs.org/caniuse-lite/-/caniuse-lite-1.0.30001806.tgz 1605ms (cache miss)
908 http fetch GET 200 https://registry.npmjs.org/postcss 1657ms (cache miss)
909 silly packumentCache corgi:https://registry.npmjs.org/postcss set size:undefined disposed:false
910 http fetch GET 200 https://registry.npmjs.org/react-dom/-/react-dom-18.3.1.tgz 2307ms (cache miss)
911 http fetch GET 200 https://registry.npmjs.org/next 2766ms (cache miss)
912 silly packumentCache corgi:https://registry.npmjs.org/next set size:undefined disposed:false
913 silly packumentCache corgi:https://registry.npmjs.org/autoprefixer cache-miss
914 silly packumentCache corgi:https://registry.npmjs.org/tailwindcss cache-miss
915 silly packumentCache corgi:https://registry.npmjs.org/postcss-import cache-miss
916 silly packumentCache corgi:https://registry.npmjs.org/postcss-js cache-miss
917 silly packumentCache corgi:https://registry.npmjs.org/postcss-load-config cache-miss
918 silly packumentCache corgi:https://registry.npmjs.org/postcss-nested cache-miss
919 http fetch GET 200 https://registry.npmjs.org/tailwindcss/-/tailwindcss-3.4.16.tgz 5294ms (cache miss)
920 http fetch GET 200 https://registry.npmjs.org/postcss-nested 265ms (cache miss)
921 silly packumentCache corgi:https://registry.npmjs.org/postcss-nested set size:undefined disposed:false
922 http fetch GET 200 https://registry.npmjs.org/postcss-load-config 275ms (cache miss)
923 silly packumentCache corgi:https://registry.npmjs.org/postcss-load-config set size:undefined disposed:false
924 http fetch GET 200 https://registry.npmjs.org/postcss-js 280ms (cache miss)
925 silly packumentCache corgi:https://registry.npmjs.org/postcss-js set size:undefined disposed:false
926 http fetch GET 200 https://registry.npmjs.org/postcss-import 286ms (cache miss)
927 silly packumentCache corgi:https://registry.npmjs.org/postcss-import set size:undefined disposed:false
928 http fetch GET 200 https://registry.npmjs.org/autoprefixer 406ms (cache miss)
929 silly packumentCache corgi:https://registry.npmjs.org/autoprefixer set size:undefined disposed:false
930 http fetch GET 200 https://registry.npmjs.org/tailwindcss 1291ms (cache miss)
931 silly packumentCache corgi:https://registry.npmjs.org/tailwindcss set size:undefined disposed:false
932 http fetch GET 200 https://registry.npmjs.org/@next/swc-darwin-arm64/-/swc-darwin-arm64-14.2.20.tgz 11959ms (cache miss)
933 http fetch GET 200 https://registry.npmjs.org/next/-/next-14.2.20.tgz 18131ms (cache miss)
934 warn deprecated next@14.2.20: This version has a security vulnerability. Please upgrade to a patched version. See https://nextjs.org/blog/security-update-2025-12-11 for more details.
935 info run fsevents@2.3.3 install node_modules/fsevents node-gyp rebuild
936 info run fsevents@2.3.3 install { code: 1, signal: null }
937 verbose reify failed optional dependency /Users/fonzi/Downloads/ai-mastering/frontend/node_modules/fsevents
938 silly reify mark deleted [
938 silly reify   '/Users/fonzi/Downloads/ai-mastering/frontend/node_modules/fsevents'
938 silly reify ]
939 silly ADD node_modules/yaml
940 silly ADD node_modules/escalade
941 silly ADD node_modules/is-number
942 silly ADD node_modules/thenify
943 silly ADD node_modules/thenify-all
944 silly ADD node_modules/object-assign
945 silly ADD node_modules/any-promise
946 silly ADD node_modules/@jridgewell/resolve-uri
947 silly ADD node_modules/@jridgewell/trace-mapping
948 silly ADD node_modules/@jridgewell/sourcemap-codec
949 silly ADD node_modules/ts-interface-checker
950 silly ADD node_modules/tinyglobby
951 silly ADD node_modules/tinyglobby/node_modules/picomatch
952 silly ADD node_modules/tinyglobby/node_modules/fdir
953 silly ADD node_modules/pirates
954 silly ADD node_modules/mz
955 silly ADD node_modules/lines-and-columns
956 silly ADD node_modules/commander
957 silly ADD node_modules/@jridgewell/gen-mapping
958 silly ADD node_modules/queue-microtask
959 silly ADD node_modules/function-bind
960 silly ADD node_modules/hasown
961 silly ADD node_modules/supports-preserve-symlinks-flag
962 silly ADD node_modules/path-parse
963 silly ADD node_modules/is-core-module
964 silly ADD node_modules/es-errors
965 silly ADD node_modules/pify
966 silly ADD node_modules/util-deprecate
967 silly ADD node_modules/cssesc
968 silly ADD node_modules/camelcase-css
969 silly ADD node_modules/read-cache
970 silly ADD node_modules/is-extglob
971 silly ADD node_modules/binary-extensions
972 silly ADD node_modules/to-regex-range
973 silly ADD node_modules/reusify
974 silly ADD node_modules/run-parallel
975 silly ADD node_modules/fastq
976 silly ADD node_modules/@nodelib/fs.scandir
977 silly ADD node_modules/merge2
978 silly ADD node_modules/@nodelib/fs.walk
979 silly ADD node_modules/@nodelib/fs.stat
980 silly ADD node_modules/fill-range
981 silly ADD node_modules/picomatch
982 silly ADD node_modules/readdirp
983 silly ADD node_modules/is-binary-path
984 silly ADD
985 silly ADD node_modules/braces
986 silly ADD node_modules/anymatch
987 silly ADD node_modules/sucrase
988 silly ADD node_modules/resolve
989 silly ADD node_modules/postcss-selector-parser
990 silly ADD node_modules/postcss-nested
991 silly ADD node_modules/postcss-js
992 silly ADD node_modules/postcss-import
993 silly ADD node_modules/object-hash
994 silly ADD node_modules/normalize-path
995 silly ADD node_modules/micromatch
996 silly ADD node_modules/lilconfig
997 silly ADD node_modules/jiti
998 silly ADD node_modules/is-glob
999 silly ADD node_modules/glob-parent
1000 silly ADD node_modules/fast-glob
1001 silly ADD node_modules/fast-glob/node_modules/glob-parent
1002 silly ADD node_modules/dlv
1003 silly ADD node_modules/didyoumean
1004 silly ADD node_modules/chokidar
1005 silly ADD node_modules/chokidar/node_modules/glob-parent
1006 silly ADD node_modules/arg
1007 silly ADD node_modules/@alloc/quick-lru
1008 silly ADD node_modules/client-only
1009 silly ADD node_modules/scheduler
1010 silly ADD node_modules/js-tokens
1011 silly ADD node_modules/loose-envify
1012 silly ADD node_modules/source-map-js
1013 silly ADD node_modules/nanoid
1014 silly ADD node_modules/streamsearch
1015 silly ADD node_modules/tslib
1016 silly ADD node_modules/@swc/counter
1017 silly ADD node_modules/styled-jsx
1018 silly ADD node_modules/graceful-fs
1019 silly ADD node_modules/busboy
1020 silly ADD node_modules/@swc/helpers
1021 silly ADD
1022 silly ADD
1023 silly ADD
1024 silly ADD
1025 silly ADD
1026 silly ADD
1027 silly ADD
1028 silly ADD
1029 silly ADD node_modules/@next/swc-darwin-arm64
1030 silly ADD node_modules/@next/env
1031 silly ADD node_modules/update-browserslist-db
1032 silly ADD node_modules/node-releases
1033 silly ADD node_modules/electron-to-chromium
1034 silly ADD node_modules/baseline-browser-mapping
1035 silly ADD node_modules/postcss-value-parser
1036 silly ADD node_modules/picocolors
1037 silly ADD node_modules/normalize-range
1038 silly ADD node_modules/fraction.js
1039 silly ADD node_modules/caniuse-lite
1040 silly ADD node_modules/browserslist
1041 silly ADD node_modules/zustand
1042 silly ADD node_modules/tailwindcss
1043 silly ADD node_modules/tailwindcss/node_modules/postcss-load-config
1044 silly ADD node_modules/ogl
1045 silly ADD node_modules/react-dom
1046 silly ADD node_modules/react
1047 silly ADD node_modules/next
1048 silly ADD node_modules/next/node_modules/postcss
1049 silly ADD node_modules/postcss
1050 silly ADD node_modules/autoprefixer
1051 verbose cwd /Users/fonzi/Downloads/ai-mastering/frontend
1052 verbose os Darwin 24.6.0
1053 verbose node v20.19.4
1054 verbose npm  v10.8.2
1055 notice
1055 notice New [31mmajor[39m version of npm available! [31m10.8.2[39m -> [34m12.0.2[39m
1055 notice Changelog: [34mhttps://github.com/npm/cli/releases/tag/v12.0.2[39m
1055 notice To update run: [4mnpm install -g npm@12.0.2[24m
1055 notice  { force: true, [Symbol(proc-log.meta)]: true }
1056 verbose exit 0
1057 info ok
